no_attrib,pre_process,test_size,activation,optimiser,no_epochs,batch_size,loss
1,raw,0.3,relu,sgd,100,10,87.21859741
2,raw,0.3,relu,sgd,100,10,73.63267838
3,raw,0.3,relu,sgd,100,10,66.1121256
4,raw,0.3,relu,sgd,100,10,81.60234793
5,raw,0.3,relu,sgd,100,10,90.6521755
6,raw,0.3,relu,sgd,100,10,87.12784014
7,raw,0.3,relu,sgd,100,10,99.47190375
8,raw,0.3,relu,sgd,100,10,73.12435311
9,raw,0.3,relu,sgd,100,10,87.84845653
10,raw,0.3,relu,sgd,100,10,73.00998166
11,raw,0.3,relu,sgd,100,10,
12,raw,0.3,relu,sgd,100,10,
1,raw,0.3,tanh,sgd,100,10,61.78667811
2,raw,0.3,tanh,sgd,100,10,62.17810179
3,raw,0.3,tanh,sgd,100,10,104.1945604
4,raw,0.3,tanh,sgd,100,10,84.23085383
5,raw,0.3,tanh,sgd,100,10,74.732246
6,raw,0.3,tanh,sgd,100,10,63.37195949
7,raw,0.3,tanh,sgd,100,10,96.48444286
8,raw,0.3,tanh,sgd,100,10,79.48299247
9,raw,0.3,tanh,sgd,100,10,89.28245183
10,raw,0.3,tanh,sgd,100,10,90.15467453
11,raw,0.3,tanh,sgd,100,10,65.02762825
12,raw,0.3,tanh,sgd,100,10,101.6922511
1,raw,0.3,sigmoid,sgd,100,10,83.05512679
2,raw,0.3,sigmoid,sgd,100,10,28.27023632
3,raw,0.3,sigmoid,sgd,100,10,31.91265046
4,raw,0.3,sigmoid,sgd,100,10,37.14664048
5,raw,0.3,sigmoid,sgd,100,10,78.90244896
6,raw,0.3,sigmoid,sgd,100,10,82.45769822
7,raw,0.3,sigmoid,sgd,100,10,85.01227891
8,raw,0.3,sigmoid,sgd,100,10,93.91521052
9,raw,0.3,sigmoid,sgd,100,10,84.23773354
10,raw,0.3,sigmoid,sgd,100,10,110.979715
11,raw,0.3,sigmoid,sgd,100,10,82.74807177
12,raw,0.3,sigmoid,sgd,100,10,75.38929889
1,raw,0.3,exponential,sgd,100,10,
2,raw,0.3,exponential,sgd,100,10,
3,raw,0.3,exponential,sgd,100,10,
4,raw,0.3,exponential,sgd,100,10,
5,raw,0.3,exponential,sgd,100,10,
6,raw,0.3,exponential,sgd,100,10,
7,raw,0.3,exponential,sgd,100,10,
8,raw,0.3,exponential,sgd,100,10,
9,raw,0.3,exponential,sgd,100,10,
10,raw,0.3,exponential,sgd,100,10,
11,raw,0.3,exponential,sgd,100,10,
12,raw,0.3,exponential,sgd,100,10,
1,raw,0.3,elu,sgd,100,10,9853597.684
2,raw,0.3,elu,sgd,100,10,84.15735646
3,raw,0.3,elu,sgd,100,10,
4,raw,0.3,elu,sgd,100,10,81.54565149
5,raw,0.3,elu,sgd,100,10,1.49E+21
6,raw,0.3,elu,sgd,100,10,2.81E+14
7,raw,0.3,elu,sgd,100,10,16957180.42
8,raw,0.3,elu,sgd,100,10,3.56E+14
9,raw,0.3,elu,sgd,100,10,16589385.32
10,raw,0.3,elu,sgd,100,10,1.02E+17
11,raw,0.3,elu,sgd,100,10,2.95E+22
12,raw,0.3,elu,sgd,100,10,2.50E+24
1,raw,0.3,linear,sgd,100,10,
2,raw,0.3,linear,sgd,100,10,
3,raw,0.3,linear,sgd,100,10,
4,raw,0.3,linear,sgd,100,10,
5,raw,0.3,linear,sgd,100,10,
6,raw,0.3,linear,sgd,100,10,
7,raw,0.3,linear,sgd,100,10,
8,raw,0.3,linear,sgd,100,10,
9,raw,0.3,linear,sgd,100,10,
10,raw,0.3,linear,sgd,100,10,
11,raw,0.3,linear,sgd,100,10,
12,raw,0.3,linear,sgd,100,10,
1,raw,0.3,relu,adam,100,10,39.36619467
2,raw,0.3,relu,adam,100,10,23.91330152
3,raw,0.3,relu,adam,100,10,29.31875671
4,raw,0.3,relu,adam,100,10,15.71045409
5,raw,0.3,relu,adam,100,10,41.10019262
6,raw,0.3,relu,adam,100,10,53.16842531
7,raw,0.3,relu,adam,100,10,46.03833711
8,raw,0.3,relu,adam,100,10,30.07811536
9,raw,0.3,relu,adam,100,10,32.84610166
10,raw,0.3,relu,adam,100,10,33.51833645
11,raw,0.3,relu,adam,100,10,29.2247724
12,raw,0.3,relu,adam,100,10,31.00740744
1,raw,0.3,tanh,adam,100,10,96.09796143
2,raw,0.3,tanh,adam,100,10,20.22750518
3,raw,0.3,tanh,adam,100,10,17.56625607
4,raw,0.3,tanh,adam,100,10,27.56683028
5,raw,0.3,tanh,adam,100,10,104.2381289
6,raw,0.3,tanh,adam,100,10,102.9237526
7,raw,0.3,tanh,adam,100,10,51.22180648
8,raw,0.3,tanh,adam,100,10,40.5334049
9,raw,0.3,tanh,adam,100,10,46.40352671
10,raw,0.3,tanh,adam,100,10,43.37697943
11,raw,0.3,tanh,adam,100,10,64.07152678
12,raw,0.3,tanh,adam,100,10,74.70116013
1,raw,0.3,sigmoid,adam,100,10,29.27425585
2,raw,0.3,sigmoid,adam,100,10,30.79994011
3,raw,0.3,sigmoid,adam,100,10,30.05145575
4,raw,0.3,sigmoid,adam,100,10,83.32323295
5,raw,0.3,sigmoid,adam,100,10,79.75392432
6,raw,0.3,sigmoid,adam,100,10,48.78317883
7,raw,0.3,sigmoid,adam,100,10,70.85266274
8,raw,0.3,sigmoid,adam,100,10,71.45401603
9,raw,0.3,sigmoid,adam,100,10,56.05993472
10,raw,0.3,sigmoid,adam,100,10,65.23898386
11,raw,0.3,sigmoid,adam,100,10,48.21561854
12,raw,0.3,sigmoid,adam,100,10,29.48764118
1,raw,0.3,exponential,adam,100,10,15489.42447
2,raw,0.3,exponential,adam,100,10,626288120.9
3,raw,0.3,exponential,adam,100,10,
4,raw,0.3,exponential,adam,100,10,1.57923E+12
5,raw,0.3,exponential,adam,100,10,
6,raw,0.3,exponential,adam,100,10,
7,raw,0.3,exponential,adam,100,10,
8,raw,0.3,exponential,adam,100,10,
9,raw,0.3,exponential,adam,100,10,
10,raw,0.3,exponential,adam,100,10,
11,raw,0.3,exponential,adam,100,10,
12,raw,0.3,exponential,adam,100,10,
1,raw,0.3,elu,adam,100,10,34.36656008
2,raw,0.3,elu,adam,100,10,22.46415389
3,raw,0.3,elu,adam,100,10,22.99695547
4,raw,0.3,elu,adam,100,10,15.82930078
5,raw,0.3,elu,adam,100,10,21.40737413
6,raw,0.3,elu,adam,100,10,31.89540291
7,raw,0.3,elu,adam,100,10,33.43991942
8,raw,0.3,elu,adam,100,10,33.53569282
9,raw,0.3,elu,adam,100,10,37.32823422
10,raw,0.3,elu,adam,100,10,42.91212564
11,raw,0.3,elu,adam,100,10,33.8873034
12,raw,0.3,elu,adam,100,10,27.79900651
1,raw,0.3,linear,adam,100,10,39.13390024
2,raw,0.3,linear,adam,100,10,31.69869272
3,raw,0.3,linear,adam,100,10,36.55971166
4,raw,0.3,linear,adam,100,10,27.20499872
5,raw,0.3,linear,adam,100,10,38.52894743
6,raw,0.3,linear,adam,100,10,49.13830406
7,raw,0.3,linear,adam,100,10,39.16677234
8,raw,0.3,linear,adam,100,10,37.24412155
9,raw,0.3,linear,adam,100,10,30.10480178
10,raw,0.3,linear,adam,100,10,36.31364662
11,raw,0.3,linear,adam,100,10,24.23734715
12,raw,0.3,linear,adam,100,10,40.27990311
1,raw,0.3,relu,nadam,100,10,25.28573056
2,raw,0.3,relu,nadam,100,10,20.87768233
3,raw,0.3,relu,nadam,100,10,18.62677012
4,raw,0.3,relu,nadam,100,10,14.73703696
5,raw,0.3,relu,nadam,100,10,49.84147483
6,raw,0.3,relu,nadam,100,10,29.44823376
7,raw,0.3,relu,nadam,100,10,16.71353556
8,raw,0.3,relu,nadam,100,10,24.57536326
9,raw,0.3,relu,nadam,100,10,24.89040646
10,raw,0.3,relu,nadam,100,10,27.49606785
11,raw,0.3,relu,nadam,100,10,19.55124343
12,raw,0.3,relu,nadam,100,10,34.04135634
1,raw,0.3,tanh,nadam,100,10,99.29238691
2,raw,0.3,tanh,nadam,100,10,22.3794648
3,raw,0.3,tanh,nadam,100,10,20.11414859
4,raw,0.3,tanh,nadam,100,10,20.36003253
5,raw,0.3,tanh,nadam,100,10,84.28012366
6,raw,0.3,tanh,nadam,100,10,85.65687521
7,raw,0.3,tanh,nadam,100,10,42.34315089
8,raw,0.3,tanh,nadam,100,10,80.23035351
9,raw,0.3,tanh,nadam,100,10,36.7062139
10,raw,0.3,tanh,nadam,100,10,67.87054363
11,raw,0.3,tanh,nadam,100,10,65.60783667
12,raw,0.3,tanh,nadam,100,10,67.06303747
1,raw,0.3,sigmoid,nadam,100,10,37.25428531
2,raw,0.3,sigmoid,nadam,100,10,21.57335821
3,raw,0.3,sigmoid,nadam,100,10,18.4743692
4,raw,0.3,sigmoid,nadam,100,10,34.3008724
5,raw,0.3,sigmoid,nadam,100,10,59.32430067
6,raw,0.3,sigmoid,nadam,100,10,105.5781077
7,raw,0.3,sigmoid,nadam,100,10,27.2029681
8,raw,0.3,sigmoid,nadam,100,10,84.60484635
9,raw,0.3,sigmoid,nadam,100,10,68.81279233
10,raw,0.3,sigmoid,nadam,100,10,82.78718306
11,raw,0.3,sigmoid,nadam,100,10,34.22201418
12,raw,0.3,sigmoid,nadam,100,10,31.2962783
1,raw,0.3,exponential,nadam,100,10,313289338.5
2,raw,0.3,exponential,nadam,100,10,236133114.5
3,raw,0.3,exponential,nadam,100,10,10150533349
4,raw,0.3,exponential,nadam,100,10,4281193228
5,raw,0.3,exponential,nadam,100,10,
6,raw,0.3,exponential,nadam,100,10,
7,raw,0.3,exponential,nadam,100,10,
8,raw,0.3,exponential,nadam,100,10,
9,raw,0.3,exponential,nadam,100,10,
10,raw,0.3,exponential,nadam,100,10,
11,raw,0.3,exponential,nadam,100,10,
12,raw,0.3,exponential,nadam,100,10,
1,raw,0.3,elu,nadam,100,10,25.6326824
2,raw,0.3,elu,nadam,100,10,19.66424515
3,raw,0.3,elu,nadam,100,10,25.31665521
4,raw,0.3,elu,nadam,100,10,18.28712363
5,raw,0.3,elu,nadam,100,10,21.57811486
6,raw,0.3,elu,nadam,100,10,22.09373575
7,raw,0.3,elu,nadam,100,10,22.15503788
8,raw,0.3,elu,nadam,100,10,19.51226059
9,raw,0.3,elu,nadam,100,10,17.88701429
10,raw,0.3,elu,nadam,100,10,44.06617737
11,raw,0.3,elu,nadam,100,10,42.30997919
12,raw,0.3,elu,nadam,100,10,17.08034535
1,raw,0.3,linear,nadam,100,10,42.4495442
2,raw,0.3,linear,nadam,100,10,29.34680668
3,raw,0.3,linear,nadam,100,10,40.12221718
4,raw,0.3,linear,nadam,100,10,28.69986936
5,raw,0.3,linear,nadam,100,10,43.01531691
6,raw,0.3,linear,nadam,100,10,53.86907196
7,raw,0.3,linear,nadam,100,10,25.66380601
8,raw,0.3,linear,nadam,100,10,27.52062476
9,raw,0.3,linear,nadam,100,10,36.87232951
10,raw,0.3,linear,nadam,100,10,32.26345213
11,raw,0.3,linear,nadam,100,10,27.47168712
12,raw,0.3,linear,nadam,100,10,63.77228365
1,scaled,0.3,relu,sgd,100,10,44.48824371
2,scaled,0.3,relu,sgd,100,10,21.01695964
3,scaled,0.3,relu,sgd,100,10,15.89843027
4,scaled,0.3,relu,sgd,100,10,15.0935434
5,scaled,0.3,relu,sgd,100,10,15.12858225
6,scaled,0.3,relu,sgd,100,10,23.63933593
7,scaled,0.3,relu,sgd,100,10,10.38035257
8,scaled,0.3,relu,sgd,100,10,17.84452629
9,scaled,0.3,relu,sgd,100,10,12.33201504
10,scaled,0.3,relu,sgd,100,10,19.82590906
11,scaled,0.3,relu,sgd,100,10,14.22442361
12,scaled,0.3,relu,sgd,100,10,24.46511018
1,scaled,0.3,tanh,sgd,100,10,33.02024289
2,scaled,0.3,tanh,sgd,100,10,14.47972122
3,scaled,0.3,tanh,sgd,100,10,12.17030831
4,scaled,0.3,tanh,sgd,100,10,13.45983576
5,scaled,0.3,tanh,sgd,100,10,17.36907668
6,scaled,0.3,tanh,sgd,100,10,10.39535161
7,scaled,0.3,tanh,sgd,100,10,15.56514123
8,scaled,0.3,tanh,sgd,100,10,12.899437
9,scaled,0.3,tanh,sgd,100,10,14.79048905
10,scaled,0.3,tanh,sgd,100,10,16.49533312
11,scaled,0.3,tanh,sgd,100,10,15.2412148
12,scaled,0.3,tanh,sgd,100,10,14.2476702
1,scaled,0.3,sigmoid,sgd,100,10,35.76127082
2,scaled,0.3,sigmoid,sgd,100,10,19.45457745
3,scaled,0.3,sigmoid,sgd,100,10,11.74886814
4,scaled,0.3,sigmoid,sgd,100,10,14.50994896
5,scaled,0.3,sigmoid,sgd,100,10,19.00206528
6,scaled,0.3,sigmoid,sgd,100,10,12.80882745
7,scaled,0.3,sigmoid,sgd,100,10,12.09424255
8,scaled,0.3,sigmoid,sgd,100,10,15.64889607
9,scaled,0.3,sigmoid,sgd,100,10,15.84461915
10,scaled,0.3,sigmoid,sgd,100,10,8.745815428
11,scaled,0.3,sigmoid,sgd,100,10,12.26045317
12,scaled,0.3,sigmoid,sgd,100,10,8.37211117
1,scaled,0.3,exponential,sgd,100,10,
2,scaled,0.3,exponential,sgd,100,10,
3,scaled,0.3,exponential,sgd,100,10,
4,scaled,0.3,exponential,sgd,100,10,
5,scaled,0.3,exponential,sgd,100,10,
6,scaled,0.3,exponential,sgd,100,10,
7,scaled,0.3,exponential,sgd,100,10,
8,scaled,0.3,exponential,sgd,100,10,
9,scaled,0.3,exponential,sgd,100,10,
10,scaled,0.3,exponential,sgd,100,10,
11,scaled,0.3,exponential,sgd,100,10,
12,scaled,0.3,exponential,sgd,100,10,
1,scaled,0.3,elu,sgd,100,10,29.38978677
2,scaled,0.3,elu,sgd,100,10,22.37284936
3,scaled,0.3,elu,sgd,100,10,26.36372135
4,scaled,0.3,elu,sgd,100,10,27.74603061
5,scaled,0.3,elu,sgd,100,10,14.97609008
6,scaled,0.3,elu,sgd,100,10,16.15520036
7,scaled,0.3,elu,sgd,100,10,12.92740977
8,scaled,0.3,elu,sgd,100,10,15.43944379
9,scaled,0.3,elu,sgd,100,10,20.23497416
10,scaled,0.3,elu,sgd,100,10,13.61859465
11,scaled,0.3,elu,sgd,100,10,17.60954019
12,scaled,0.3,elu,sgd,100,10,15.24090237
1,scaled,0.3,linear,sgd,100,10,47.62938479
2,scaled,0.3,linear,sgd,100,10,30.16692714
3,scaled,0.3,linear,sgd,100,10,37.52852671
4,scaled,0.3,linear,sgd,100,10,45.47518198
5,scaled,0.3,linear,sgd,100,10,25.56373446
6,scaled,0.3,linear,sgd,100,10,25.73973033
7,scaled,0.3,linear,sgd,100,10,47.02847692
8,scaled,0.3,linear,sgd,100,10,29.07132663
9,scaled,0.3,linear,sgd,100,10,24.96088329
10,scaled,0.3,linear,sgd,100,10,26.70250822
11,scaled,0.3,linear,sgd,100,10,34.11032727
12,scaled,0.3,linear,sgd,100,10,32.28161711
1,scaled,0.3,relu,adam,100,10,28.22940937
2,scaled,0.3,relu,adam,100,10,15.50432326
3,scaled,0.3,relu,adam,100,10,15.77188944
4,scaled,0.3,relu,adam,100,10,14.3184044
5,scaled,0.3,relu,adam,100,10,20.13824463
6,scaled,0.3,relu,adam,100,10,11.36322488
7,scaled,0.3,relu,adam,100,10,13.62283481
8,scaled,0.3,relu,adam,100,10,13.78332765
9,scaled,0.3,relu,adam,100,10,13.70792007
10,scaled,0.3,relu,adam,100,10,12.69201884
11,scaled,0.3,relu,adam,100,10,15.64725073
12,scaled,0.3,relu,adam,100,10,17.63449097
1,scaled,0.3,tanh,adam,100,10,36.91771909
2,scaled,0.3,tanh,adam,100,10,37.51117184
3,scaled,0.3,tanh,adam,100,10,18.16796042
4,scaled,0.3,tanh,adam,100,10,21.24116596
5,scaled,0.3,tanh,adam,100,10,29.11634345
6,scaled,0.3,tanh,adam,100,10,22.33335585
7,scaled,0.3,tanh,adam,100,10,21.44393007
8,scaled,0.3,tanh,adam,100,10,14.45510076
9,scaled,0.3,tanh,adam,100,10,16.41255876
10,scaled,0.3,tanh,adam,100,10,19.31085476
11,scaled,0.3,tanh,adam,100,10,13.70065945
12,scaled,0.3,tanh,adam,100,10,17.63776553
1,scaled,0.3,sigmoid,adam,100,10,39.24874316
2,scaled,0.3,sigmoid,adam,100,10,22.5624732
3,scaled,0.3,sigmoid,adam,100,10,33.56640565
4,scaled,0.3,sigmoid,adam,100,10,18.3501741
5,scaled,0.3,sigmoid,adam,100,10,24.6272193
6,scaled,0.3,sigmoid,adam,100,10,15.55222416
7,scaled,0.3,sigmoid,adam,100,10,23.8211692
8,scaled,0.3,sigmoid,adam,100,10,16.47254603
9,scaled,0.3,sigmoid,adam,100,10,23.89558812
10,scaled,0.3,sigmoid,adam,100,10,21.07502716
11,scaled,0.3,sigmoid,adam,100,10,16.23174351
12,scaled,0.3,sigmoid,adam,100,10,19.27809459
1,scaled,0.3,exponential,adam,100,10,21.34677084
2,scaled,0.3,exponential,adam,100,10,18.13437964
3,scaled,0.3,exponential,adam,100,10,24.09179022
4,scaled,0.3,exponential,adam,100,10,11.74434145
5,scaled,0.3,exponential,adam,100,10,10.2891203
6,scaled,0.3,exponential,adam,100,10,13.20619844
7,scaled,0.3,exponential,adam,100,10,17.21165567
8,scaled,0.3,exponential,adam,100,10,11.55431045
9,scaled,0.3,exponential,adam,100,10,15.0669125
10,scaled,0.3,exponential,adam,100,10,14.25091432
11,scaled,0.3,exponential,adam,100,10,45.24364983
12,scaled,0.3,exponential,adam,100,10,19.6914587
1,scaled,0.3,elu,adam,100,10,36.83405806
2,scaled,0.3,elu,adam,100,10,22.00819778
3,scaled,0.3,elu,adam,100,10,21.82948072
4,scaled,0.3,elu,adam,100,10,19.83092893
5,scaled,0.3,elu,adam,100,10,16.54047148
6,scaled,0.3,elu,adam,100,10,10.37757871
7,scaled,0.3,elu,adam,100,10,20.23154284
8,scaled,0.3,elu,adam,100,10,12.2902565
9,scaled,0.3,elu,adam,100,10,12.11478499
10,scaled,0.3,elu,adam,100,10,17.65699914
11,scaled,0.3,elu,adam,100,10,14.10216367
12,scaled,0.3,elu,adam,100,10,12.33553327
1,scaled,0.3,linear,adam,100,10,33.03922493
2,scaled,0.3,linear,adam,100,10,38.80247638
3,scaled,0.3,linear,adam,100,10,26.2386067
4,scaled,0.3,linear,adam,100,10,35.00432838
5,scaled,0.3,linear,adam,100,10,23.64321134
6,scaled,0.3,linear,adam,100,10,26.65531219
7,scaled,0.3,linear,adam,100,10,32.31536966
8,scaled,0.3,linear,adam,100,10,28.17717402
9,scaled,0.3,linear,adam,100,10,21.92724353
10,scaled,0.3,linear,adam,100,10,19.85581097
11,scaled,0.3,linear,adam,100,10,28.64655525
12,scaled,0.3,linear,adam,100,10,24.73445812
1,scaled,0.3,relu,nadam,100,10,30.24708668
2,scaled,0.3,relu,nadam,100,10,33.44872128
3,scaled,0.3,relu,nadam,100,10,18.43582048
4,scaled,0.3,relu,nadam,100,10,20.55978419
5,scaled,0.3,relu,nadam,100,10,10.60247712
6,scaled,0.3,relu,nadam,100,10,14.86241516
7,scaled,0.3,relu,nadam,100,10,13.55843715
8,scaled,0.3,relu,nadam,100,10,17.91266933
9,scaled,0.3,relu,nadam,100,10,10.85515208
10,scaled,0.3,relu,nadam,100,10,14.33506173
11,scaled,0.3,relu,nadam,100,10,9.635690789
12,scaled,0.3,relu,nadam,100,10,10.88326233
1,scaled,0.3,tanh,nadam,100,10,30.21721408
2,scaled,0.3,tanh,nadam,100,10,17.88656968
3,scaled,0.3,tanh,nadam,100,10,17.8362872
4,scaled,0.3,tanh,nadam,100,10,16.2350767
5,scaled,0.3,tanh,nadam,100,10,18.28705717
6,scaled,0.3,tanh,nadam,100,10,16.55151668
7,scaled,0.3,tanh,nadam,100,10,13.58343029
8,scaled,0.3,tanh,nadam,100,10,14.36986125
9,scaled,0.3,tanh,nadam,100,10,20.2901796
10,scaled,0.3,tanh,nadam,100,10,15.81223382
11,scaled,0.3,tanh,nadam,100,10,14.73556335
12,scaled,0.3,tanh,nadam,100,10,23.8545721
1,scaled,0.3,sigmoid,nadam,100,10,26.88196885
2,scaled,0.3,sigmoid,nadam,100,10,23.64558115
3,scaled,0.3,sigmoid,nadam,100,10,17.17764438
4,scaled,0.3,sigmoid,nadam,100,10,19.35949356
5,scaled,0.3,sigmoid,nadam,100,10,14.13961902
6,scaled,0.3,sigmoid,nadam,100,10,14.72022694
7,scaled,0.3,sigmoid,nadam,100,10,16.84812987
8,scaled,0.3,sigmoid,nadam,100,10,13.46550876
9,scaled,0.3,sigmoid,nadam,100,10,14.89492464
10,scaled,0.3,sigmoid,nadam,100,10,19.10090306
11,scaled,0.3,sigmoid,nadam,100,10,11.373755
12,scaled,0.3,sigmoid,nadam,100,10,13.05578322
1,scaled,0.3,exponential,nadam,100,10,26.95194515
2,scaled,0.3,exponential,nadam,100,10,19.03195512
3,scaled,0.3,exponential,nadam,100,10,15.04790522
4,scaled,0.3,exponential,nadam,100,10,15.58453911
5,scaled,0.3,exponential,nadam,100,10,10.89872596
6,scaled,0.3,exponential,nadam,100,10,14.51667981
7,scaled,0.3,exponential,nadam,100,10,16.42389127
8,scaled,0.3,exponential,nadam,100,10,19.09247519
9,scaled,0.3,exponential,nadam,100,10,1289.035678
10,scaled,0.3,exponential,nadam,100,10,10.81362175
11,scaled,0.3,exponential,nadam,100,10,12.58868366
12,scaled,0.3,exponential,nadam,100,10,11.48119043
1,scaled,0.3,elu,nadam,100,10,27.80924677
2,scaled,0.3,elu,nadam,100,10,16.18162296
3,scaled,0.3,elu,nadam,100,10,14.78037608
4,scaled,0.3,elu,nadam,100,10,19.32649331
5,scaled,0.3,elu,nadam,100,10,15.76822615
6,scaled,0.3,elu,nadam,100,10,10.46117271
7,scaled,0.3,elu,nadam,100,10,11.45676068
8,scaled,0.3,elu,nadam,100,10,17.65960136
9,scaled,0.3,elu,nadam,100,10,15.49578466
10,scaled,0.3,elu,nadam,100,10,12.53339015
11,scaled,0.3,elu,nadam,100,10,20.9228666
12,scaled,0.3,elu,nadam,100,10,13.18931349
1,scaled,0.3,linear,nadam,100,10,44.62542243
2,scaled,0.3,linear,nadam,100,10,32.27212715
3,scaled,0.3,linear,nadam,100,10,22.42304932
4,scaled,0.3,linear,nadam,100,10,29.57366341
5,scaled,0.3,linear,nadam,100,10,31.73341068
6,scaled,0.3,linear,nadam,100,10,29.74704933
7,scaled,0.3,linear,nadam,100,10,21.96348481
8,scaled,0.3,linear,nadam,100,10,37.17161404
9,scaled,0.3,linear,nadam,100,10,33.5651995
10,scaled,0.3,linear,nadam,100,10,24.08915605
11,scaled,0.3,linear,nadam,100,10,23.88976067
12,scaled,0.3,linear,nadam,100,10,25.82564043
1,whitened,0.3,relu,sgd,100,10,29.309032440185547
2,whitened,0.3,relu,sgd,100,10,19.458503421984222
3,whitened,0.3,relu,sgd,100,10,13.696417507372404
4,whitened,0.3,relu,sgd,100,10,19.256295505322907
5,whitened,0.3,relu,sgd,100,10,14.773543307655736
6,whitened,0.3,relu,sgd,100,10,13.78467419272975
7,whitened,0.3,relu,sgd,100,10,11.745970726013184
8,whitened,0.3,relu,sgd,100,10,24.655091837832803
9,whitened,0.3,relu,sgd,100,10,18.68710281974391
10,whitened,0.3,relu,sgd,100,10,9.717100043045846
11,whitened,0.3,relu,sgd,100,10,10.675449019984194
12,whitened,0.3,relu,sgd,100,10,11.146444069711785
1,whitened,0.3,tanh,sgd,100,10,31.363312771445827
2,whitened,0.3,tanh,sgd,100,10,27.466853292364824
3,whitened,0.3,tanh,sgd,100,10,16.69724474455181
4,whitened,0.3,tanh,sgd,100,10,21.29649995502673
5,whitened,0.3,tanh,sgd,100,10,21.018719823736895
6,whitened,0.3,tanh,sgd,100,10,19.095752816451224
7,whitened,0.3,tanh,sgd,100,10,15.054927775734349
8,whitened,0.3,tanh,sgd,100,10,14.205687046051025
9,whitened,0.3,tanh,sgd,100,10,15.203805521914834
10,whitened,0.3,tanh,sgd,100,10,12.524615488554302
11,whitened,0.3,tanh,sgd,100,10,18.251055064954254
12,whitened,0.3,tanh,sgd,100,10,21.437269160622044
1,whitened,0.3,sigmoid,sgd,100,10,26.390667563990544
2,whitened,0.3,sigmoid,sgd,100,10,23.032273543508428
3,whitened,0.3,sigmoid,sgd,100,10,23.411979976453278
4,whitened,0.3,sigmoid,sgd,100,10,14.833254763954564
5,whitened,0.3,sigmoid,sgd,100,10,22.022078463905736
6,whitened,0.3,sigmoid,sgd,100,10,16.699659774177952
7,whitened,0.3,sigmoid,sgd,100,10,9.22450778358861
8,whitened,0.3,sigmoid,sgd,100,10,14.854761048367148
9,whitened,0.3,sigmoid,sgd,100,10,11.2599246878373
10,whitened,0.3,sigmoid,sgd,100,10,12.295078628941587
11,whitened,0.3,sigmoid,sgd,100,10,14.810705988030685
12,whitened,0.3,sigmoid,sgd,100,10,7.593348427822716
1,whitened,0.3,exponential,sgd,100,10,34.865142822265625
2,whitened,0.3,exponential,sgd,100,10,
3,whitened,0.3,exponential,sgd,100,10,
4,whitened,0.3,exponential,sgd,100,10,
5,whitened,0.3,exponential,sgd,100,10,
6,whitened,0.3,exponential,sgd,100,10,
7,whitened,0.3,exponential,sgd,100,10,
8,whitened,0.3,exponential,sgd,100,10,
9,whitened,0.3,exponential,sgd,100,10,
10,whitened,0.3,exponential,sgd,100,10,
11,whitened,0.3,exponential,sgd,100,10,
12,whitened,0.3,exponential,sgd,100,10,
1,whitened,0.3,elu,sgd,100,10,25.62837148967542
2,whitened,0.3,elu,sgd,100,10,29.05107397782175
3,whitened,0.3,elu,sgd,100,10,25.089911561263236
4,whitened,0.3,elu,sgd,100,10,13.830870678550319
5,whitened,0.3,elu,sgd,100,10,11.202435895016318
6,whitened,0.3,elu,sgd,100,10,15.53090080462004
7,whitened,0.3,elu,sgd,100,10,11.711293672260485
8,whitened,0.3,elu,sgd,100,10,12.623560303135923
9,whitened,0.3,elu,sgd,100,10,19.28449962013646
10,whitened,0.3,elu,sgd,100,10,12.988688268159565
11,whitened,0.3,elu,sgd,100,10,9.785612859224019
12,whitened,0.3,elu,sgd,100,10,14.05941411068565
1,whitened,0.3,linear,sgd,100,10,63.7499482004266
2,whitened,0.3,linear,sgd,100,10,35.707081142224766
3,whitened,0.3,linear,sgd,100,10,34.78355257134689
4,whitened,0.3,linear,sgd,100,10,35.93763602407355
5,whitened,0.3,linear,sgd,100,10,34.210391797517474
6,whitened,0.3,linear,sgd,100,10,36.88926475926449
7,whitened,0.3,linear,sgd,100,10,31.91474553158409
8,whitened,0.3,linear,sgd,100,10,37.359104558041224
9,whitened,0.3,linear,sgd,100,10,28.81474484895405
10,whitened,0.3,linear,sgd,100,10,26.672633120888158
11,whitened,0.3,linear,sgd,100,10,19.79491760856227
12,whitened,0.3,linear,sgd,100,10,31.893170406943874
1,whitened,0.3,relu,adam,100,10,37.53228127328973
2,whitened,0.3,relu,adam,100,10,15.335223850451017
3,whitened,0.3,relu,adam,100,10,23.10484198520058
4,whitened,0.3,relu,adam,100,10,15.764035375494705
5,whitened,0.3,relu,adam,100,10,12.298635959625244
6,whitened,0.3,relu,adam,100,10,15.713657429343776
7,whitened,0.3,relu,adam,100,10,18.283621838218288
8,whitened,0.3,relu,adam,100,10,13.008458589252673
9,whitened,0.3,relu,adam,100,10,18.493940654553864
10,whitened,0.3,relu,adam,100,10,10.226660477487664
11,whitened,0.3,relu,adam,100,10,21.765527424059417
12,whitened,0.3,relu,adam,100,10,9.599085330963135
1,whitened,0.3,tanh,adam,100,10,33.19763946533203
2,whitened,0.3,tanh,adam,100,10,26.749657831693952
3,whitened,0.3,tanh,adam,100,10,24.301542884425114
4,whitened,0.3,tanh,adam,100,10,24.43430739954898
5,whitened,0.3,tanh,adam,100,10,23.817923395257246
6,whitened,0.3,tanh,adam,100,10,23.935142316316302
7,whitened,0.3,tanh,adam,100,10,21.146755268699245
8,whitened,0.3,tanh,adam,100,10,18.902026176452637
9,whitened,0.3,tanh,adam,100,10,23.012367047761614
10,whitened,0.3,tanh,adam,100,10,20.890888615658408
11,whitened,0.3,tanh,adam,100,10,24.538347746196546
12,whitened,0.3,tanh,adam,100,10,13.455040956798353
1,whitened,0.3,sigmoid,adam,100,10,26.20379548323782
2,whitened,0.3,sigmoid,adam,100,10,31.04679042414615
3,whitened,0.3,sigmoid,adam,100,10,23.436363722148695
4,whitened,0.3,sigmoid,adam,100,10,22.17264185453716
5,whitened,0.3,sigmoid,adam,100,10,22.082369402835244
6,whitened,0.3,sigmoid,adam,100,10,18.87489148190147
7,whitened,0.3,sigmoid,adam,100,10,18.501617331253854
8,whitened,0.3,sigmoid,adam,100,10,26.384389375385485
9,whitened,0.3,sigmoid,adam,100,10,17.465887571636
10,whitened,0.3,sigmoid,adam,100,10,19.524640384473297
11,whitened,0.3,sigmoid,adam,100,10,22.592729869641754
12,whitened,0.3,sigmoid,adam,100,10,31.142624553881195
1,whitened,0.3,exponential,adam,100,10,21.878888581928454
2,whitened,0.3,exponential,adam,100,10,17.64287757873535
3,whitened,0.3,exponential,adam,100,10,18.116299528824655
4,whitened,0.3,exponential,adam,100,10,14.429111330132736
5,whitened,0.3,exponential,adam,100,10,15.366488858273154
6,whitened,0.3,exponential,adam,100,10,22.839782162716514
7,whitened,0.3,exponential,adam,100,10,19.761218723497894
8,whitened,0.3,exponential,adam,100,10,14.984093615883275
9,whitened,0.3,exponential,adam,100,10,160.50473163002417
10,whitened,0.3,exponential,adam,100,10,28.331450236471074
11,whitened,0.3,exponential,adam,100,10,16.210948768414948
12,whitened,0.3,exponential,adam,100,10,10.640819750334087
1,whitened,0.3,elu,adam,100,10,32.507721649973014
2,whitened,0.3,elu,adam,100,10,21.034585049277858
3,whitened,0.3,elu,adam,100,10,18.123556488438656
4,whitened,0.3,elu,adam,100,10,18.750375647293893
5,whitened,0.3,elu,adam,100,10,12.561682174080296
6,whitened,0.3,elu,adam,100,10,12.421875250966925
7,whitened,0.3,elu,adam,100,10,24.61415581954153
8,whitened,0.3,elu,adam,100,10,16.252107519852487
9,whitened,0.3,elu,adam,100,10,18.336253718325967
10,whitened,0.3,elu,adam,100,10,20.688623829891807
11,whitened,0.3,elu,adam,100,10,11.979382966694079
12,whitened,0.3,elu,adam,100,10,16.088029961836966
1,whitened,0.3,linear,adam,100,10,34.82415369937294
2,whitened,0.3,linear,adam,100,10,32.890763433356035
3,whitened,0.3,linear,adam,100,10,14.93365212490684
4,whitened,0.3,linear,adam,100,10,21.422433752762643
5,whitened,0.3,linear,adam,100,10,37.81858163130911
6,whitened,0.3,linear,adam,100,10,23.726946981329668
7,whitened,0.3,linear,adam,100,10,27.694693916722347
8,whitened,0.3,linear,adam,100,10,18.96578055933902
9,whitened,0.3,linear,adam,100,10,23.71503328022204
10,whitened,0.3,linear,adam,100,10,24.472163250571803
11,whitened,0.3,linear,adam,100,10,24.92690076326069
12,whitened,0.3,linear,adam,100,10,28.424354954769736
1,whitened,0.3,relu,nadam,100,10,32.282629916542454
2,whitened,0.3,relu,nadam,100,10,15.586327000668174
3,whitened,0.3,relu,nadam,100,10,24.192970878199528
4,whitened,0.3,relu,nadam,100,10,16.508845479864824
5,whitened,0.3,relu,nadam,100,10,18.51719796030145
6,whitened,0.3,relu,nadam,100,10,11.480300376289769
7,whitened,0.3,relu,nadam,100,10,14.469737303884406
8,whitened,0.3,relu,nadam,100,10,10.412189333062424
9,whitened,0.3,relu,nadam,100,10,14.74993580266049
10,whitened,0.3,relu,nadam,100,10,11.624064094141909
11,whitened,0.3,relu,nadam,100,10,13.46982835468493
12,whitened,0.3,relu,nadam,100,10,9.903903584731253
1,whitened,0.3,tanh,nadam,100,10,25.17700365970009
2,whitened,0.3,tanh,nadam,100,10,13.939966502942537
3,whitened,0.3,tanh,nadam,100,10,18.249260325180856
4,whitened,0.3,tanh,nadam,100,10,19.630060697856702
5,whitened,0.3,tanh,nadam,100,10,14.970082734760485
6,whitened,0.3,tanh,nadam,100,10,16.023867657310085
7,whitened,0.3,tanh,nadam,100,10,16.55531070106908
8,whitened,0.3,tanh,nadam,100,10,16.01845229299445
9,whitened,0.3,tanh,nadam,100,10,11.26523454565751
10,whitened,0.3,tanh,nadam,100,10,14.143515436272873
11,whitened,0.3,tanh,nadam,100,10,18.360010799608734
12,whitened,0.3,tanh,nadam,100,10,16.711633832831133
1,whitened,0.3,sigmoid,nadam,100,10,38.87243592111688
2,whitened,0.3,sigmoid,nadam,100,10,16.009995962444105
3,whitened,0.3,sigmoid,nadam,100,10,18.580724415026214
4,whitened,0.3,sigmoid,nadam,100,10,22.1617041638023
5,whitened,0.3,sigmoid,nadam,100,10,18.60890524010909
6,whitened,0.3,sigmoid,nadam,100,10,17.792364873384173
7,whitened,0.3,sigmoid,nadam,100,10,14.913403310273823
8,whitened,0.3,sigmoid,nadam,100,10,16.420794737966435
9,whitened,0.3,sigmoid,nadam,100,10,23.55633128316779
10,whitened,0.3,sigmoid,nadam,100,10,12.678647693834806
11,whitened,0.3,sigmoid,nadam,100,10,14.133999724137155
12,whitened,0.3,sigmoid,nadam,100,10,20.447327111896715
1,whitened,0.3,exponential,nadam,100,10,23.095978485910518
2,whitened,0.3,exponential,nadam,100,10,26.949506659256784
3,whitened,0.3,exponential,nadam,100,10,26.898778815018503
4,whitened,0.3,exponential,nadam,100,10,12.45548815476267
5,whitened,0.3,exponential,nadam,100,10,14.728311237535978
6,whitened,0.3,exponential,nadam,100,10,13.59064729590165
7,whitened,0.3,exponential,nadam,100,10,28.921348170230264
8,whitened,0.3,exponential,nadam,100,10,15.584300794099507
9,whitened,0.3,exponential,nadam,100,10,56.62089011543676
10,whitened,0.3,exponential,nadam,100,10,13.570986019937616
11,whitened,0.3,exponential,nadam,100,10,12.859091156407407
12,whitened,0.3,exponential,nadam,100,10,187.50357540030228
1,whitened,0.3,elu,nadam,100,10,30.68560248927066
2,whitened,0.3,elu,nadam,100,10,20.742291826950876
3,whitened,0.3,elu,nadam,100,10,22.77033042907715
4,whitened,0.3,elu,nadam,100,10,12.950391317668714
5,whitened,0.3,elu,nadam,100,10,17.206667649118526
6,whitened,0.3,elu,nadam,100,10,13.442272437246222
7,whitened,0.3,elu,nadam,100,10,11.074955363022653
8,whitened,0.3,elu,nadam,100,10,11.895048593219958
9,whitened,0.3,elu,nadam,100,10,12.046237117365786
10,whitened,0.3,elu,nadam,100,10,7.795660395371287
11,whitened,0.3,elu,nadam,100,10,15.423067795602899
12,whitened,0.3,elu,nadam,100,10,10.322293733295641
1,whitened,0.3,linear,nadam,100,10,36.8129694587306
2,whitened,0.3,linear,nadam,100,10,37.06588564421001
3,whitened,0.3,linear,nadam,100,10,21.873824370534795
4,whitened,0.3,linear,nadam,100,10,37.5974581869025
5,whitened,0.3,linear,nadam,100,10,21.56358558253238
6,whitened,0.3,linear,nadam,100,10,28.50527401974327
7,whitened,0.3,linear,nadam,100,10,41.04625782213713
8,whitened,0.3,linear,nadam,100,10,21.422515869140625
9,whitened,0.3,linear,nadam,100,10,23.81384227150365
10,whitened,0.3,linear,nadam,100,10,23.537995489020098
11,whitened,0.3,linear,nadam,100,10,26.98964500427246
12,whitened,0.3,linear,nadam,100,10,20.953934569107858
1,whitened,0.3,relu,sgd,100,10,26.862579245316354
2,whitened,0.3,relu,sgd,100,10,28.24501639918277
3,whitened,0.3,relu,sgd,100,10,31.07502565885845
4,whitened,0.3,relu,sgd,100,10,20.10769271850586
5,whitened,0.3,relu,sgd,100,10,16.686092627675908
6,whitened,0.3,relu,sgd,100,10,16.33556160173918
7,whitened,0.3,relu,sgd,100,10,15.255022952431126
8,whitened,0.3,relu,sgd,100,10,15.135290848581414
9,whitened,0.3,relu,sgd,100,10,13.406639801828485
10,whitened,0.3,relu,sgd,100,10,11.51812427922299
11,whitened,0.3,relu,sgd,100,10,17.904594170419795
12,whitened,0.3,relu,sgd,100,10,13.775151378230044
1,whitened,0.3,tanh,sgd,100,10,26.767742257369193
2,whitened,0.3,tanh,sgd,100,10,17.679078553852282
3,whitened,0.3,tanh,sgd,100,10,16.116077272515547
4,whitened,0.3,tanh,sgd,100,10,22.546768891183955
5,whitened,0.3,tanh,sgd,100,10,15.034780301545796
6,whitened,0.3,tanh,sgd,100,10,26.833335374530993
7,whitened,0.3,tanh,sgd,100,10,18.455606611151445
8,whitened,0.3,tanh,sgd,100,10,20.284782208894427
9,whitened,0.3,tanh,sgd,100,10,19.2450230247096
10,whitened,0.3,tanh,sgd,100,10,13.07417176899157
11,whitened,0.3,tanh,sgd,100,10,13.411964717664217
12,whitened,0.3,tanh,sgd,100,10,16.458918922825863
1,whitened,0.3,sigmoid,sgd,100,10,26.64212277061061
2,whitened,0.3,sigmoid,sgd,100,10,20.45701910320081
3,whitened,0.3,sigmoid,sgd,100,10,24.287842926226165
4,whitened,0.3,sigmoid,sgd,100,10,18.511071857653167
5,whitened,0.3,sigmoid,sgd,100,10,15.490829016032972
6,whitened,0.3,sigmoid,sgd,100,10,9.805390282681113
7,whitened,0.3,sigmoid,sgd,100,10,11.99034685837595
8,whitened,0.3,sigmoid,sgd,100,10,9.782355283436022
9,whitened,0.3,sigmoid,sgd,100,10,12.184991334614
10,whitened,0.3,sigmoid,sgd,100,10,10.447969687612433
11,whitened,0.3,sigmoid,sgd,100,10,17.25583959880628
12,whitened,0.3,sigmoid,sgd,100,10,10.711319572047183
1,whitened,0.3,exponential,sgd,100,10,
2,whitened,0.3,exponential,sgd,100,10,
3,whitened,0.3,exponential,sgd,100,10,
4,whitened,0.3,exponential,sgd,100,10,
5,whitened,0.3,exponential,sgd,100,10,
6,whitened,0.3,exponential,sgd,100,10,
7,whitened,0.3,exponential,sgd,100,10,
8,whitened,0.3,exponential,sgd,100,10,
9,whitened,0.3,exponential,sgd,100,10,
10,whitened,0.3,exponential,sgd,100,10,
11,whitened,0.3,exponential,sgd,100,10,
12,whitened,0.3,exponential,sgd,100,10,
1,whitened,0.3,elu,sgd,100,10,30.23356106406764
2,whitened,0.3,elu,sgd,100,10,25.206565756546823
3,whitened,0.3,elu,sgd,100,10,19.533258940044202
4,whitened,0.3,elu,sgd,100,10,22.066617313184235
5,whitened,0.3,elu,sgd,100,10,24.07488607105456
6,whitened,0.3,elu,sgd,100,10,10.528719550684878
7,whitened,0.3,elu,sgd,100,10,12.728194086175217
8,whitened,0.3,elu,sgd,100,10,12.629803105404502
9,whitened,0.3,elu,sgd,100,10,9.278309320148669
10,whitened,0.3,elu,sgd,100,10,13.461176018965872
11,whitened,0.3,elu,sgd,100,10,14.366224339133815
12,whitened,0.3,elu,sgd,100,10,10.63698969389263
1,whitened,0.3,linear,sgd,100,10,40.64212497911955
2,whitened,0.3,linear,sgd,100,10,24.69816760012978
3,whitened,0.3,linear,sgd,100,10,25.127594897621556
4,whitened,0.3,linear,sgd,100,10,27.09233449634753
5,whitened,0.3,linear,sgd,100,10,28.219872424477025
6,whitened,0.3,linear,sgd,100,10,28.368934129413805
7,whitened,0.3,linear,sgd,100,10,36.67917733443411
8,whitened,0.3,linear,sgd,100,10,37.65400153712223
9,whitened,0.3,linear,sgd,100,10,24.58956628096731
10,whitened,0.3,linear,sgd,100,10,26.079470283106755
11,whitened,0.3,linear,sgd,100,10,20.950863386455335
12,whitened,0.3,linear,sgd,100,10,26.23104386580618
1,whitened,0.3,relu,adam,100,10,48.21165406076532
2,whitened,0.3,relu,adam,100,10,22.834165673506888
3,whitened,0.3,relu,adam,100,10,11.121441339191637
4,whitened,0.3,relu,adam,100,10,27.512529072008636
5,whitened,0.3,relu,adam,100,10,13.890665832318758
6,whitened,0.3,relu,adam,100,10,13.921310625578228
7,whitened,0.3,relu,adam,100,10,13.93101265555934
8,whitened,0.3,relu,adam,100,10,19.026637880425703
9,whitened,0.3,relu,adam,100,10,17.823422080592106
10,whitened,0.3,relu,adam,100,10,18.469587526823346
11,whitened,0.3,relu,adam,100,10,11.583949239630448
12,whitened,0.3,relu,adam,100,10,13.149333351536802
1,whitened,0.3,tanh,adam,100,10,34.04874219392475
2,whitened,0.3,tanh,adam,100,10,23.558393578780326
3,whitened,0.3,tanh,adam,100,10,22.134212995830335
4,whitened,0.3,tanh,adam,100,10,18.455237338417454
5,whitened,0.3,tanh,adam,100,10,19.517639210349635
6,whitened,0.3,tanh,adam,100,10,19.684466412192897
7,whitened,0.3,tanh,adam,100,10,17.416427160564222
8,whitened,0.3,tanh,adam,100,10,14.757597120184647
9,whitened,0.3,tanh,adam,100,10,20.51481277064273
10,whitened,0.3,tanh,adam,100,10,21.33336609288266
11,whitened,0.3,tanh,adam,100,10,12.537595297160902
12,whitened,0.3,tanh,adam,100,10,15.20421324278179
1,whitened,0.3,sigmoid,adam,100,10,33.85978648537084
2,whitened,0.3,sigmoid,adam,100,10,24.23816369709216
3,whitened,0.3,sigmoid,adam,100,10,18.165006737960013
4,whitened,0.3,sigmoid,adam,100,10,25.520312409651908
5,whitened,0.3,sigmoid,adam,100,10,21.718209818789834
6,whitened,0.3,sigmoid,adam,100,10,26.464740753173828
7,whitened,0.3,sigmoid,adam,100,10,16.865921120894583
8,whitened,0.3,sigmoid,adam,100,10,26.431295896831312
9,whitened,0.3,sigmoid,adam,100,10,21.920726023222272
10,whitened,0.3,sigmoid,adam,100,10,16.924297533537214
11,whitened,0.3,sigmoid,adam,100,10,18.065892269736842
12,whitened,0.3,sigmoid,adam,100,10,15.731399184779116
1,whitened,0.3,exponential,adam,100,10,25.617507131476152
2,whitened,0.3,exponential,adam,100,10,22.321072377656634
3,whitened,0.3,exponential,adam,100,10,21.825615180166142
4,whitened,0.3,exponential,adam,100,10,19.70781888459858
5,whitened,0.3,exponential,adam,100,10,13.251352912501284
6,whitened,0.3,exponential,adam,100,10,19.543600785104854
7,whitened,0.3,exponential,adam,100,10,14.894710641158255
8,whitened,0.3,exponential,adam,100,10,19.28144557852494
9,whitened,0.3,exponential,adam,100,10,19.92462128087094
10,whitened,0.3,exponential,adam,100,10,17.10953376167699
11,whitened,0.3,exponential,adam,100,10,249.3129243348774
12,whitened,0.3,exponential,adam,100,10,10.671604131397448
1,whitened,0.3,elu,adam,100,10,29.293973119635332
2,whitened,0.3,elu,adam,100,10,24.35916674764533
3,whitened,0.3,elu,adam,100,10,19.43108001508211
4,whitened,0.3,elu,adam,100,10,15.859224419844779
5,whitened,0.3,elu,adam,100,10,19.8814471897326
6,whitened,0.3,elu,adam,100,10,15.494440731249357
7,whitened,0.3,elu,adam,100,10,18.600751073736895
8,whitened,0.3,elu,adam,100,10,9.789314094342684
9,whitened,0.3,elu,adam,100,10,15.46340671338533
10,whitened,0.3,elu,adam,100,10,15.487256200690018
11,whitened,0.3,elu,adam,100,10,15.074671795493678
12,whitened,0.3,elu,adam,100,10,21.991077925029554
1,whitened,0.3,linear,adam,100,10,41.198212121662344
2,whitened,0.3,linear,adam,100,10,30.123906587299548
3,whitened,0.3,linear,adam,100,10,27.315583480031865
4,whitened,0.3,linear,adam,100,10,35.55374391455399
5,whitened,0.3,linear,adam,100,10,30.190113067626953
6,whitened,0.3,linear,adam,100,10,26.512487913432874
7,whitened,0.3,linear,adam,100,10,26.7552779348273
8,whitened,0.3,linear,adam,100,10,25.322356073479902
9,whitened,0.3,linear,adam,100,10,23.327746039942692
10,whitened,0.3,linear,adam,100,10,22.450630388761823
11,whitened,0.3,linear,adam,100,10,30.284854186208623
12,whitened,0.3,linear,adam,100,10,19.859009391383122
1,whitened,0.3,relu,nadam,100,10,30.379437296014082
2,whitened,0.3,relu,nadam,100,10,18.224086058767217
3,whitened,0.3,relu,nadam,100,10,13.706563698618035
4,whitened,0.3,relu,nadam,100,10,12.805828797189813
5,whitened,0.3,relu,nadam,100,10,21.91059674714741
6,whitened,0.3,relu,nadam,100,10,17.511545582821494
7,whitened,0.3,relu,nadam,100,10,11.565359667727822
8,whitened,0.3,relu,nadam,100,10,11.728808879852295
9,whitened,0.3,relu,nadam,100,10,13.935659458762721
10,whitened,0.3,relu,nadam,100,10,11.368104683725457
11,whitened,0.3,relu,nadam,100,10,17.00705493123908
12,whitened,0.3,relu,nadam,100,10,15.986136637235942
1,whitened,0.3,tanh,nadam,100,10,33.40276457134046
2,whitened,0.3,tanh,nadam,100,10,22.300613403320312
3,whitened,0.3,tanh,nadam,100,10,13.069612804212069
4,whitened,0.3,tanh,nadam,100,10,24.842489995454486
5,whitened,0.3,tanh,nadam,100,10,16.884766980221396
6,whitened,0.3,tanh,nadam,100,10,14.426677804244193
7,whitened,0.3,tanh,nadam,100,10,14.456861395584909
8,whitened,0.3,tanh,nadam,100,10,13.974780835603413
9,whitened,0.3,tanh,nadam,100,10,15.089110023096987
10,whitened,0.3,tanh,nadam,100,10,17.340080411810625
11,whitened,0.3,tanh,nadam,100,10,13.16014872099224
12,whitened,0.3,tanh,nadam,100,10,12.576835030003599
1,whitened,0.3,sigmoid,nadam,100,10,31.816801974647923
2,whitened,0.3,sigmoid,nadam,100,10,17.910196605481598
3,whitened,0.3,sigmoid,nadam,100,10,19.237538588674443
4,whitened,0.3,sigmoid,nadam,100,10,16.722015782406455
5,whitened,0.3,sigmoid,nadam,100,10,13.411466698897513
6,whitened,0.3,sigmoid,nadam,100,10,19.68872722826506
7,whitened,0.3,sigmoid,nadam,100,10,14.548721614636873
8,whitened,0.3,sigmoid,nadam,100,10,12.351386998829089
9,whitened,0.3,sigmoid,nadam,100,10,15.697229134409051
10,whitened,0.3,sigmoid,nadam,100,10,18.064149304440146
11,whitened,0.3,sigmoid,nadam,100,10,15.064407699986509
12,whitened,0.3,sigmoid,nadam,100,10,12.501286054912367
1,whitened,0.3,exponential,nadam,100,10,34.64370928312603
2,whitened,0.3,exponential,nadam,100,10,18.153004294947575
3,whitened,0.3,exponential,nadam,100,10,31.48794164155659
4,whitened,0.3,exponential,nadam,100,10,38.34251529292057
5,whitened,0.3,exponential,nadam,100,10,16.89551945736534
6,whitened,0.3,exponential,nadam,100,10,27.354454040527344
7,whitened,0.3,exponential,nadam,100,10,24.192083910891885
8,whitened,0.3,exponential,nadam,100,10,18.106050390946237
9,whitened,0.3,exponential,nadam,100,10,24.905950445877878
10,whitened,0.3,exponential,nadam,100,10,28.708967409635846
11,whitened,0.3,exponential,nadam,100,10,41.07751193799471
12,whitened,0.3,exponential,nadam,100,10,16.491804800535505
1,whitened,0.3,elu,nadam,100,10,33.205529062371504
2,whitened,0.3,elu,nadam,100,10,28.75312162700452
3,whitened,0.3,elu,nadam,100,10,16.666642941926654
4,whitened,0.3,elu,nadam,100,10,15.635906972383198
5,whitened,0.3,elu,nadam,100,10,16.64464037041915
6,whitened,0.3,elu,nadam,100,10,10.344613727770353
7,whitened,0.3,elu,nadam,100,10,12.826962747071919
8,whitened,0.3,elu,nadam,100,10,12.705104878074245
9,whitened,0.3,elu,nadam,100,10,15.91406566218326
10,whitened,0.3,elu,nadam,100,10,13.712605451282702
11,whitened,0.3,elu,nadam,100,10,12.147010702835885
12,whitened,0.3,elu,nadam,100,10,14.348067885950991
1,whitened,0.3,linear,nadam,100,10,36.251488033093906
2,whitened,0.3,linear,nadam,100,10,31.065828624524567
3,whitened,0.3,linear,nadam,100,10,22.954687319303815
4,whitened,0.3,linear,nadam,100,10,22.678401846634713
5,whitened,0.3,linear,nadam,100,10,34.25600232576069
6,whitened,0.3,linear,nadam,100,10,28.77383623625103
7,whitened,0.3,linear,nadam,100,10,18.230724033556488
8,whitened,0.3,linear,nadam,100,10,20.120179828844574
9,whitened,0.3,linear,nadam,100,10,22.248391201621608
10,whitened,0.3,linear,nadam,100,10,42.68350320113333
11,whitened,0.3,linear,nadam,100,10,22.673506285014906
12,whitened,0.3,linear,nadam,100,10,30.283082560489053
1,scaled,0.3,relu,sgd,100,10,20.44173180429559
2,scaled,0.3,relu,sgd,100,10,17.14480003557707
3,scaled,0.3,relu,sgd,100,10,32.165524532920436
4,scaled,0.3,relu,sgd,100,10,40.048479180586966
5,scaled,0.3,relu,sgd,100,10,11.71688421149003
6,scaled,0.3,relu,sgd,100,10,16.454117448706377
7,scaled,0.3,relu,sgd,100,10,11.160684585571289
8,scaled,0.3,relu,sgd,100,10,10.599174700285259
9,scaled,0.3,relu,sgd,100,10,20.154768190885846
10,scaled,0.3,relu,sgd,100,10,19.21374195500424
11,scaled,0.3,relu,sgd,100,10,12.002008827109085
12,scaled,0.3,relu,sgd,100,10,13.784391102037931
1,scaled,0.3,tanh,sgd,100,10,33.63615196629574
2,scaled,0.3,tanh,sgd,100,10,21.405407955772
3,scaled,0.3,tanh,sgd,100,10,40.37201715770521
4,scaled,0.3,tanh,sgd,100,10,17.870208087720368
5,scaled,0.3,tanh,sgd,100,10,11.796396205299779
6,scaled,0.3,tanh,sgd,100,10,16.341911366111354
7,scaled,0.3,tanh,sgd,100,10,16.889543332551654
8,scaled,0.3,tanh,sgd,100,10,18.97177465338456
9,scaled,0.3,tanh,sgd,100,10,16.96500923759059
10,scaled,0.3,tanh,sgd,100,10,17.297394300761976
11,scaled,0.3,tanh,sgd,100,10,13.079616094890394
12,scaled,0.3,tanh,sgd,100,10,13.07452046243768
1,scaled,0.3,sigmoid,sgd,100,10,28.357928627415706
2,scaled,0.3,sigmoid,sgd,100,10,18.305918743735866
3,scaled,0.3,sigmoid,sgd,100,10,25.346923225804378
4,scaled,0.3,sigmoid,sgd,100,10,14.131608260305304
5,scaled,0.3,sigmoid,sgd,100,10,14.060709953308105
6,scaled,0.3,sigmoid,sgd,100,10,12.09342700556705
7,scaled,0.3,sigmoid,sgd,100,10,10.606897153352437
8,scaled,0.3,sigmoid,sgd,100,10,28.49637141980623
9,scaled,0.3,sigmoid,sgd,100,10,10.700899174338893
10,scaled,0.3,sigmoid,sgd,100,10,18.35630958958676
11,scaled,0.3,sigmoid,sgd,100,10,10.28547864211233
12,scaled,0.3,sigmoid,sgd,100,10,15.771252029820493
1,scaled,0.3,exponential,sgd,100,10,27.772900932713558
2,scaled,0.3,exponential,sgd,100,10,
3,scaled,0.3,exponential,sgd,100,10,
4,scaled,0.3,exponential,sgd,100,10,
5,scaled,0.3,exponential,sgd,100,10,
6,scaled,0.3,exponential,sgd,100,10,
7,scaled,0.3,exponential,sgd,100,10,
8,scaled,0.3,exponential,sgd,100,10,
9,scaled,0.3,exponential,sgd,100,10,
10,scaled,0.3,exponential,sgd,100,10,
11,scaled,0.3,exponential,sgd,100,10,
12,scaled,0.3,exponential,sgd,100,10,
1,scaled,0.3,elu,sgd,100,10,31.963733271548623
2,scaled,0.3,elu,sgd,100,10,29.692571539627878
3,scaled,0.3,elu,sgd,100,10,21.891740899336966
4,scaled,0.3,elu,sgd,100,10,16.09240208174053
5,scaled,0.3,elu,sgd,100,10,12.066884894120065
6,scaled,0.3,elu,sgd,100,10,25.07954306351511
7,scaled,0.3,elu,sgd,100,10,19.159388140628213
8,scaled,0.3,elu,sgd,100,10,14.930074490998921
9,scaled,0.3,elu,sgd,100,10,16.811740021956595
10,scaled,0.3,elu,sgd,100,10,12.310612276980752
11,scaled,0.3,elu,sgd,100,10,16.03809336612099
12,scaled,0.3,elu,sgd,100,10,12.929570750186318
1,scaled,0.3,linear,sgd,100,10,43.37746389288651
2,scaled,0.3,linear,sgd,100,10,39.853443346525495
3,scaled,0.3,linear,sgd,100,10,42.837579225239004
4,scaled,0.3,linear,sgd,100,10,31.958696164582904
5,scaled,0.3,linear,sgd,100,10,35.047137009470084
6,scaled,0.3,linear,sgd,100,10,36.73950757478413
7,scaled,0.3,linear,sgd,100,10,27.971913287514134
8,scaled,0.3,linear,sgd,100,10,35.20984057376259
9,scaled,0.3,linear,sgd,100,10,35.612045890406556
10,scaled,0.3,linear,sgd,100,10,28.243266256232012
11,scaled,0.3,linear,sgd,100,10,28.046064677991364
12,scaled,0.3,linear,sgd,100,10,
1,scaled,0.3,relu,adam,100,10,28.14686986019737
2,scaled,0.3,relu,adam,100,10,18.329121840627568
3,scaled,0.3,relu,adam,100,10,22.286904033861664
4,scaled,0.3,relu,adam,100,10,19.48590168200041
5,scaled,0.3,relu,adam,100,10,13.50610647703472
6,scaled,0.3,relu,adam,100,10,13.28775385806435
7,scaled,0.3,relu,adam,100,10,22.223039727461966
8,scaled,0.3,relu,adam,100,10,18.164868304603978
9,scaled,0.3,relu,adam,100,10,13.073102775372957
10,scaled,0.3,relu,adam,100,10,10.801082058956748
11,scaled,0.3,relu,adam,100,10,10.198962211608887
12,scaled,0.3,relu,adam,100,10,8.842806013006912
1,scaled,0.3,tanh,adam,100,10,21.203503960057308
2,scaled,0.3,tanh,adam,100,10,22.33354959989849
3,scaled,0.3,tanh,adam,100,10,20.631220566598994
4,scaled,0.3,tanh,adam,100,10,14.178340359737998
5,scaled,0.3,tanh,adam,100,10,18.951928289313067
6,scaled,0.3,tanh,adam,100,10,17.071510013781097
7,scaled,0.3,tanh,adam,100,10,15.240796942459909
8,scaled,0.3,tanh,adam,100,10,19.16556027061061
9,scaled,0.3,tanh,adam,100,10,16.620300895289372
10,scaled,0.3,tanh,adam,100,10,14.748770763999538
11,scaled,0.3,tanh,adam,100,10,15.618597206316496
12,scaled,0.3,tanh,adam,100,10,13.039172373319927
1,scaled,0.3,sigmoid,adam,100,10,31.10386095548931
2,scaled,0.3,sigmoid,adam,100,10,21.62670135498047
3,scaled,0.3,sigmoid,adam,100,10,22.020694130345394
4,scaled,0.3,sigmoid,adam,100,10,25.943212910702353
5,scaled,0.3,sigmoid,adam,100,10,25.548161330975983
6,scaled,0.3,sigmoid,adam,100,10,27.237719586021022
7,scaled,0.3,sigmoid,adam,100,10,15.71560751764398
8,scaled,0.3,sigmoid,adam,100,10,23.327549683420283
9,scaled,0.3,sigmoid,adam,100,10,22.062808588931436
10,scaled,0.3,sigmoid,adam,100,10,19.200741065175908
11,scaled,0.3,sigmoid,adam,100,10,21.978749726947985
12,scaled,0.3,sigmoid,adam,100,10,13.288343780919126
1,scaled,0.3,exponential,adam,100,10,29.414853146201686
2,scaled,0.3,exponential,adam,100,10,18.630676922045257
3,scaled,0.3,exponential,adam,100,10,27.668928146362305
4,scaled,0.3,exponential,adam,100,10,21.603263001692923
5,scaled,0.3,exponential,adam,100,10,17.943520144412393
6,scaled,0.3,exponential,adam,100,10,13.254374905636435
7,scaled,0.3,exponential,adam,100,10,12.504050606175474
8,scaled,0.3,exponential,adam,100,10,14.4077249326204
9,scaled,0.3,exponential,adam,100,10,16.032407861006888
10,scaled,0.3,exponential,adam,100,10,14.510841369628906
11,scaled,0.3,exponential,adam,100,10,9.24278113716527
12,scaled,0.3,exponential,adam,100,10,17.432503599869577
1,scaled,0.3,elu,adam,100,10,38.349175904926504
2,scaled,0.3,elu,adam,100,10,18.044138155485456
3,scaled,0.3,elu,adam,100,10,24.781484302721527
4,scaled,0.3,elu,adam,100,10,13.691119896738153
5,scaled,0.3,elu,adam,100,10,17.684127205296566
6,scaled,0.3,elu,adam,100,10,13.16652714578729
7,scaled,0.3,elu,adam,100,10,9.701219859876131
8,scaled,0.3,elu,adam,100,10,12.013727915914435
9,scaled,0.3,elu,adam,100,10,12.159863973918714
10,scaled,0.3,elu,adam,100,10,20.99767622194792
11,scaled,0.3,elu,adam,100,10,18.43562266701146
12,scaled,0.3,elu,adam,100,10,15.1212057314421
1,scaled,0.3,linear,adam,100,10,28.141836367155378
2,scaled,0.3,linear,adam,100,10,24.726470846878854
3,scaled,0.3,linear,adam,100,10,32.67053734628778
4,scaled,0.3,linear,adam,100,10,30.20744394001208
5,scaled,0.3,linear,adam,100,10,21.54246571189479
6,scaled,0.3,linear,adam,100,10,20.2086541527196
7,scaled,0.3,linear,adam,100,10,22.15648058841103
8,scaled,0.3,linear,adam,100,10,26.09575131064967
9,scaled,0.3,linear,adam,100,10,35.81987933108681
10,scaled,0.3,linear,adam,100,10,35.96363690024928
11,scaled,0.3,linear,adam,100,10,28.808718831915606
12,scaled,0.3,linear,adam,100,10,35.87102930169357
1,scaled,0.3,relu,nadam,100,10,34.82202299017655
2,scaled,0.3,relu,nadam,100,10,14.078729930676912
3,scaled,0.3,relu,nadam,100,10,17.98281985835025
4,scaled,0.3,relu,nadam,100,10,11.281811814559134
5,scaled,0.3,relu,nadam,100,10,17.662220001220703
6,scaled,0.3,relu,nadam,100,10,14.878972982105456
7,scaled,0.3,relu,nadam,100,10,11.889389489826403
8,scaled,0.3,relu,nadam,100,10,8.60222319552773
9,scaled,0.3,relu,nadam,100,10,9.373276660316868
10,scaled,0.3,relu,nadam,100,10,10.754786340813888
11,scaled,0.3,relu,nadam,100,10,12.658035403803774
12,scaled,0.3,relu,nadam,100,10,16.301219839798776
1,scaled,0.3,tanh,nadam,100,10,43.63982090197111
2,scaled,0.3,tanh,nadam,100,10,29.99630345796284
3,scaled,0.3,tanh,nadam,100,10,27.123877575522975
4,scaled,0.3,tanh,nadam,100,10,19.256004935816716
5,scaled,0.3,tanh,nadam,100,10,11.441736070733322
6,scaled,0.3,tanh,nadam,100,10,21.742630406429893
7,scaled,0.3,tanh,nadam,100,10,8.877369654806037
8,scaled,0.3,tanh,nadam,100,10,20.26202513042249
9,scaled,0.3,tanh,nadam,100,10,19.761980558696546
10,scaled,0.3,tanh,nadam,100,10,11.735037703263131
11,scaled,0.3,tanh,nadam,100,10,16.872601358514082
12,scaled,0.3,tanh,nadam,100,10,14.078930591282091
1,scaled,0.3,sigmoid,nadam,100,10,28.108619991101715
2,scaled,0.3,sigmoid,nadam,100,10,10.013156941062526
3,scaled,0.3,sigmoid,nadam,100,10,22.07949854198255
4,scaled,0.3,sigmoid,nadam,100,10,17.962527827212686
5,scaled,0.3,sigmoid,nadam,100,10,15.393143302515933
6,scaled,0.3,sigmoid,nadam,100,10,15.936473043341385
7,scaled,0.3,sigmoid,nadam,100,10,16.226251351205928
8,scaled,0.3,sigmoid,nadam,100,10,17.971961071616725
9,scaled,0.3,sigmoid,nadam,100,10,13.072836223401522
10,scaled,0.3,sigmoid,nadam,100,10,26.129624617727178
11,scaled,0.3,sigmoid,nadam,100,10,20.41511294716283
12,scaled,0.3,sigmoid,nadam,100,10,10.447445994929263
1,scaled,0.3,exponential,nadam,100,10,26.82138136813515
2,scaled,0.3,exponential,nadam,100,10,23.157333173249896
3,scaled,0.3,exponential,nadam,100,10,13.93847962429649
4,scaled,0.3,exponential,nadam,100,10,16.189642605028656
5,scaled,0.3,exponential,nadam,100,10,17.69771570908396
6,scaled,0.3,exponential,nadam,100,10,13.54992941806191
7,scaled,0.3,exponential,nadam,100,10,17.771257475802773
8,scaled,0.3,exponential,nadam,100,10,11.229005663018478
9,scaled,0.3,exponential,nadam,100,10,17.336673937345807
10,scaled,0.3,exponential,nadam,100,10,15.171784250359787
11,scaled,0.3,exponential,nadam,100,10,20.53273509678088
12,scaled,0.3,exponential,nadam,100,10,15.060624524166709
1,scaled,0.3,elu,nadam,100,10,26.275156021118164
2,scaled,0.3,elu,nadam,100,10,17.684850592362253
3,scaled,0.3,elu,nadam,100,10,20.369993360419024
4,scaled,0.3,elu,nadam,100,10,19.30882985968339
5,scaled,0.3,elu,nadam,100,10,14.63301894539281
6,scaled,0.3,elu,nadam,100,10,20.115674320020172
7,scaled,0.3,elu,nadam,100,10,12.636807993838662
8,scaled,0.3,elu,nadam,100,10,8.641911506652832
9,scaled,0.3,elu,nadam,100,10,11.952228445755807
10,scaled,0.3,elu,nadam,100,10,15.383993249190482
11,scaled,0.3,elu,nadam,100,10,10.167140257985968
12,scaled,0.3,elu,nadam,100,10,10.925152678238717
1,scaled,0.3,linear,nadam,100,10,44.6565220481471
2,scaled,0.3,linear,nadam,100,10,37.776358353464225
3,scaled,0.3,linear,nadam,100,10,35.00822960702997
4,scaled,0.3,linear,nadam,100,10,42.352103082757246
5,scaled,0.3,linear,nadam,100,10,23.76896491803621
6,scaled,0.3,linear,nadam,100,10,31.1275096692537
7,scaled,0.3,linear,nadam,100,10,18.230939664338763
8,scaled,0.3,linear,nadam,100,10,21.90544113359953
9,scaled,0.3,linear,nadam,100,10,27.274532117341693
10,scaled,0.3,linear,nadam,100,10,19.808678877981084
11,scaled,0.3,linear,nadam,100,10,22.17513606422826
12,scaled,0.3,linear,nadam,100,10,21.88532779091283
1,raw,0.3,relu,sgd,100,10,72.70762574045281
2,raw,0.3,relu,sgd,100,10,91.94848793431332
3,raw,0.3,relu,sgd,100,10,75.38089752197266
4,raw,0.3,relu,sgd,100,10,66.89415138646176
5,raw,0.3,relu,sgd,100,10,89.25234061793277
6,raw,0.3,relu,sgd,100,10,72.86949800190173
7,raw,0.3,relu,sgd,100,10,81.58715499074836
8,raw,0.3,relu,sgd,100,10,85.59992097553454
9,raw,0.3,relu,sgd,100,10,85.55237820273952
10,raw,0.3,relu,sgd,100,10,84.83690673426578
11,raw,0.3,relu,sgd,100,10,
12,raw,0.3,relu,sgd,100,10,
1,raw,0.3,tanh,sgd,100,10,100.82929952521073
2,raw,0.3,tanh,sgd,100,10,31.36901092529297
3,raw,0.3,tanh,sgd,100,10,95.39933776855469
4,raw,0.3,tanh,sgd,100,10,53.8805076197574
5,raw,0.3,tanh,sgd,100,10,95.95556399696751
6,raw,0.3,tanh,sgd,100,10,84.98526161595395
7,raw,0.3,tanh,sgd,100,10,96.99103425678454
8,raw,0.3,tanh,sgd,100,10,70.12204702276932
9,raw,0.3,tanh,sgd,100,10,107.46853035374691
10,raw,0.3,tanh,sgd,100,10,85.64617618761565
11,raw,0.3,tanh,sgd,100,10,82.93052191483348
12,raw,0.3,tanh,sgd,100,10,93.91984799033717
1,raw,0.3,sigmoid,sgd,100,10,92.27832794189453
2,raw,0.3,sigmoid,sgd,100,10,23.487499789187783
3,raw,0.3,sigmoid,sgd,100,10,39.626827239990234
4,raw,0.3,sigmoid,sgd,100,10,24.044483987908613
5,raw,0.3,sigmoid,sgd,100,10,75.14360809326172
6,raw,0.3,sigmoid,sgd,100,10,82.07103247391551
7,raw,0.3,sigmoid,sgd,100,10,76.8916802657278
8,raw,0.3,sigmoid,sgd,100,10,107.05483286004318
9,raw,0.3,sigmoid,sgd,100,10,106.80032368710167
10,raw,0.3,sigmoid,sgd,100,10,79.50632948624461
11,raw,0.3,sigmoid,sgd,100,10,79.99351511503521
12,raw,0.3,sigmoid,sgd,100,10,95.64214967426501
1,raw,0.3,exponential,sgd,100,10,
2,raw,0.3,exponential,sgd,100,10,
3,raw,0.3,exponential,sgd,100,10,
4,raw,0.3,exponential,sgd,100,10,
5,raw,0.3,exponential,sgd,100,10,
6,raw,0.3,exponential,sgd,100,10,
7,raw,0.3,exponential,sgd,100,10,
8,raw,0.3,exponential,sgd,100,10,
9,raw,0.3,exponential,sgd,100,10,
10,raw,0.3,exponential,sgd,100,10,
11,raw,0.3,exponential,sgd,100,10,
12,raw,0.3,exponential,sgd,100,10,
1,raw,0.3,elu,sgd,100,10,107.02848976536801
2,raw,0.3,elu,sgd,100,10,
3,raw,0.3,elu,sgd,100,10,83.67416803460372
4,raw,0.3,elu,sgd,100,10,
5,raw,0.3,elu,sgd,100,10,3021.6507375616775
6,raw,0.3,elu,sgd,100,10,
7,raw,0.3,elu,sgd,100,10,6872066411034.947
8,raw,0.3,elu,sgd,100,10,
9,raw,0.3,elu,sgd,100,10,1.4123288431433875e+19
10,raw,0.3,elu,sgd,100,10,269186602.1052632
11,raw,0.3,elu,sgd,100,10,
12,raw,0.3,elu,sgd,100,10,2287945.8552631577
1,raw,0.3,linear,sgd,100,10,
2,raw,0.3,linear,sgd,100,10,
3,raw,0.3,linear,sgd,100,10,
4,raw,0.3,linear,sgd,100,10,
5,raw,0.3,linear,sgd,100,10,
6,raw,0.3,linear,sgd,100,10,
7,raw,0.3,linear,sgd,100,10,
8,raw,0.3,linear,sgd,100,10,
9,raw,0.3,linear,sgd,100,10,
10,raw,0.3,linear,sgd,100,10,
11,raw,0.3,linear,sgd,100,10,
12,raw,0.3,linear,sgd,100,10,
1,raw,0.3,relu,adam,100,10,38.85181888781096
2,raw,0.3,relu,adam,100,10,33.566205175299395
3,raw,0.3,relu,adam,100,10,19.312972269560163
4,raw,0.3,relu,adam,100,10,13.626475685521177
5,raw,0.3,relu,adam,100,10,34.3332462310791
6,raw,0.3,relu,adam,100,10,34.51129356183504
7,raw,0.3,relu,adam,100,10,32.72148553948654
8,raw,0.3,relu,adam,100,10,21.275780828375567
9,raw,0.3,relu,adam,100,10,23.602068348934775
10,raw,0.3,relu,adam,100,10,35.05551257886385
11,raw,0.3,relu,adam,100,10,23.847015782406455
12,raw,0.3,relu,adam,100,10,23.843508469431026
1,raw,0.3,tanh,adam,100,10,91.42656225907176
2,raw,0.3,tanh,adam,100,10,23.791454616345856
3,raw,0.3,tanh,adam,100,10,15.942219683998509
4,raw,0.3,tanh,adam,100,10,33.585715444464434
5,raw,0.3,tanh,adam,100,10,54.037104957982116
6,raw,0.3,tanh,adam,100,10,82.92271704422801
7,raw,0.3,tanh,adam,100,10,37.57494434557463
8,raw,0.3,tanh,adam,100,10,77.57941336380809
9,raw,0.3,tanh,adam,100,10,65.4295321012798
10,raw,0.3,tanh,adam,100,10,50.137172297427526
11,raw,0.3,tanh,adam,100,10,55.651932967336556
12,raw,0.3,tanh,adam,100,10,84.32974965948807
1,raw,0.3,sigmoid,adam,100,10,47.09795038323654
2,raw,0.3,sigmoid,adam,100,10,25.934254094174033
3,raw,0.3,sigmoid,adam,100,10,58.581014131244864
4,raw,0.3,sigmoid,adam,100,10,45.49104610242342
5,raw,0.3,sigmoid,adam,100,10,45.5781767995734
6,raw,0.3,sigmoid,adam,100,10,82.98365221525493
7,raw,0.3,sigmoid,adam,100,10,72.81787671540913
8,raw,0.3,sigmoid,adam,100,10,51.612823034587656
9,raw,0.3,sigmoid,adam,100,10,112.38350958573191
10,raw,0.3,sigmoid,adam,100,10,57.20927850823654
11,raw,0.3,sigmoid,adam,100,10,44.80101183841103
12,raw,0.3,sigmoid,adam,100,10,45.83636635228207
1,raw,0.3,exponential,adam,100,10,312340.8404605263
2,raw,0.3,exponential,adam,100,10,33.44339009335167
3,raw,0.3,exponential,adam,100,10,
4,raw,0.3,exponential,adam,100,10,
5,raw,0.3,exponential,adam,100,10,
6,raw,0.3,exponential,adam,100,10,
7,raw,0.3,exponential,adam,100,10,
8,raw,0.3,exponential,adam,100,10,
9,raw,0.3,exponential,adam,100,10,
10,raw,0.3,exponential,adam,100,10,
11,raw,0.3,exponential,adam,100,10,
12,raw,0.3,exponential,adam,100,10,
1,raw,0.3,elu,adam,100,10,21.114205711766292
2,raw,0.3,elu,adam,100,10,21.704258918762207
3,raw,0.3,elu,adam,100,10,28.43472651431435
4,raw,0.3,elu,adam,100,10,28.032481344122637
5,raw,0.3,elu,adam,100,10,31.19535225316098
6,raw,0.3,elu,adam,100,10,32.41326663368627
7,raw,0.3,elu,adam,100,10,32.996478733263515
8,raw,0.3,elu,adam,100,10,30.875801789133174
9,raw,0.3,elu,adam,100,10,17.326246964304072
10,raw,0.3,elu,adam,100,10,28.6806775143272
11,raw,0.3,elu,adam,100,10,36.04968748594585
12,raw,0.3,elu,adam,100,10,39.99637382908871
1,raw,0.3,linear,adam,100,10,32.777080033954825
2,raw,0.3,linear,adam,100,10,27.480125929179945
3,raw,0.3,linear,adam,100,10,39.290986613223424
4,raw,0.3,linear,adam,100,10,27.3864275279798
5,raw,0.3,linear,adam,100,10,26.462206087614362
6,raw,0.3,linear,adam,100,10,35.685842413651315
7,raw,0.3,linear,adam,100,10,30.040695993523848
8,raw,0.3,linear,adam,100,10,26.587327254445928
9,raw,0.3,linear,adam,100,10,37.40448740908974
10,raw,0.3,linear,adam,100,10,41.47992595873381
11,raw,0.3,linear,adam,100,10,59.87343978881836
12,raw,0.3,linear,adam,100,10,42.810030485454355
1,raw,0.3,relu,nadam,100,10,41.930043270713405
2,raw,0.3,relu,nadam,100,10,15.774989981400338
3,raw,0.3,relu,nadam,100,10,23.75390173259534
4,raw,0.3,relu,nadam,100,10,9.650390123066149
5,raw,0.3,relu,nadam,100,10,34.32513939706903
6,raw,0.3,relu,nadam,100,10,23.537209560996608
7,raw,0.3,relu,nadam,100,10,23.29754518207751
8,raw,0.3,relu,nadam,100,10,30.007395392970036
9,raw,0.3,relu,nadam,100,10,30.184287121421413
10,raw,0.3,relu,nadam,100,10,29.081010115774053
11,raw,0.3,relu,nadam,100,10,35.88627393622147
12,raw,0.3,relu,nadam,100,10,30.097163652118883
1,raw,0.3,tanh,nadam,100,10,82.85037532605622
2,raw,0.3,tanh,nadam,100,10,35.53356511969315
3,raw,0.3,tanh,nadam,100,10,21.789877841347142
4,raw,0.3,tanh,nadam,100,10,15.945538169459292
5,raw,0.3,tanh,nadam,100,10,79.25789642333984
6,raw,0.3,tanh,nadam,100,10,75.85269606740852
7,raw,0.3,tanh,nadam,100,10,80.18478072317023
8,raw,0.3,tanh,nadam,100,10,81.67463121916118
9,raw,0.3,tanh,nadam,100,10,35.82342770225123
10,raw,0.3,tanh,nadam,100,10,88.54654392443206
11,raw,0.3,tanh,nadam,100,10,33.32363911678917
12,raw,0.3,tanh,nadam,100,10,56.395837683426706
1,raw,0.3,sigmoid,nadam,100,10,30.391460619474714
2,raw,0.3,sigmoid,nadam,100,10,32.85677658884149
3,raw,0.3,sigmoid,nadam,100,10,24.08397082278603
4,raw,0.3,sigmoid,nadam,100,10,34.27901328237433
5,raw,0.3,sigmoid,nadam,100,10,29.971418882671156
6,raw,0.3,sigmoid,nadam,100,10,62.8919879511783
7,raw,0.3,sigmoid,nadam,100,10,40.53695959793894
8,raw,0.3,sigmoid,nadam,100,10,86.92454488653885
9,raw,0.3,sigmoid,nadam,100,10,51.13251876831055
10,raw,0.3,sigmoid,nadam,100,10,90.20957946777344
11,raw,0.3,sigmoid,nadam,100,10,51.43338715402704
12,raw,0.3,sigmoid,nadam,100,10,45.22365725667853
1,raw,0.3,exponential,nadam,100,10,3242299.7171052634
2,raw,0.3,exponential,nadam,100,10,9904.694030761719
3,raw,0.3,exponential,nadam,100,10,2701504973.4736843
4,raw,0.3,exponential,nadam,100,10,1834709120.0
5,raw,0.3,exponential,nadam,100,10,
6,raw,0.3,exponential,nadam,100,10,
7,raw,0.3,exponential,nadam,100,10,
8,raw,0.3,exponential,nadam,100,10,
9,raw,0.3,exponential,nadam,100,10,
10,raw,0.3,exponential,nadam,100,10,
11,raw,0.3,exponential,nadam,100,10,
12,raw,0.3,exponential,nadam,100,10,
1,raw,0.3,elu,nadam,100,10,21.06372813174599
2,raw,0.3,elu,nadam,100,10,22.927134564048366
3,raw,0.3,elu,nadam,100,10,19.606314608925267
4,raw,0.3,elu,nadam,100,10,18.741357301410876
5,raw,0.3,elu,nadam,100,10,20.90710529528166
6,raw,0.3,elu,nadam,100,10,34.074074594598066
7,raw,0.3,elu,nadam,100,10,20.394488485235918
8,raw,0.3,elu,nadam,100,10,30.8251078756232
9,raw,0.3,elu,nadam,100,10,29.70639248898155
10,raw,0.3,elu,nadam,100,10,25.865324371739437
11,raw,0.3,elu,nadam,100,10,30.380259262888057
12,raw,0.3,elu,nadam,100,10,29.59752795570775
1,raw,0.3,linear,nadam,100,10,37.604368109452096
2,raw,0.3,linear,nadam,100,10,36.82603976601049
3,raw,0.3,linear,nadam,100,10,30.127960606625205
4,raw,0.3,linear,nadam,100,10,34.42051626506605
5,raw,0.3,linear,nadam,100,10,26.397019235711348
6,raw,0.3,linear,nadam,100,10,23.66808459633275
7,raw,0.3,linear,nadam,100,10,61.33454473395096
8,raw,0.3,linear,nadam,100,10,110.37626326711555
9,raw,0.3,linear,nadam,100,10,35.80102268018221
10,raw,0.3,linear,nadam,100,10,21.158112375359785
11,raw,0.3,linear,nadam,100,10,64.14044952392578
12,raw,0.3,linear,nadam,100,10,71.93182413201583
1,raw,0.3,relu,sgd,100,10,91.64349525853207
2,raw,0.3,relu,sgd,100,10,83.04875424033717
3,raw,0.3,relu,sgd,100,10,81.15785618832237
4,raw,0.3,relu,sgd,100,10,92.36084064684417
5,raw,0.3,relu,sgd,100,10,84.34638053492496
6,raw,0.3,relu,sgd,100,10,58.8266457005551
7,raw,0.3,relu,sgd,100,10,90.96489233719676
8,raw,0.3,relu,sgd,100,10,86.39144897460938
9,raw,0.3,relu,sgd,100,10,84.86133715980931
10,raw,0.3,relu,sgd,100,10,88.12263247841283
11,raw,0.3,relu,sgd,100,10,97.36625952469676
12,raw,0.3,relu,sgd,100,10,
1,raw,0.3,tanh,sgd,100,10,93.69553877177991
2,raw,0.3,tanh,sgd,100,10,42.0864402369449
3,raw,0.3,tanh,sgd,100,10,87.63278218319542
4,raw,0.3,tanh,sgd,100,10,89.70493999280427
5,raw,0.3,tanh,sgd,100,10,103.63324817858245
6,raw,0.3,tanh,sgd,100,10,86.20380080373664
7,raw,0.3,tanh,sgd,100,10,81.19318510356702
8,raw,0.3,tanh,sgd,100,10,111.22888785914371
9,raw,0.3,tanh,sgd,100,10,98.80441244024979
10,raw,0.3,tanh,sgd,100,10,63.558042225084804
11,raw,0.3,tanh,sgd,100,10,90.39807811536286
12,raw,0.3,tanh,sgd,100,10,68.87030631617496
1,raw,0.3,sigmoid,sgd,100,10,88.1733314112613
2,raw,0.3,sigmoid,sgd,100,10,45.05869654605263
3,raw,0.3,sigmoid,sgd,100,10,30.233334993061266
4,raw,0.3,sigmoid,sgd,100,10,28.724421651739824
5,raw,0.3,sigmoid,sgd,100,10,100.45887957121197
6,raw,0.3,sigmoid,sgd,100,10,57.351648230301706
7,raw,0.3,sigmoid,sgd,100,10,92.41915933709396
8,raw,0.3,sigmoid,sgd,100,10,83.75961825722142
9,raw,0.3,sigmoid,sgd,100,10,75.04968382182874
10,raw,0.3,sigmoid,sgd,100,10,80.15914615831878
11,raw,0.3,sigmoid,sgd,100,10,76.20420757092927
12,raw,0.3,sigmoid,sgd,100,10,76.48210063733552
1,raw,0.3,exponential,sgd,100,10,
2,raw,0.3,exponential,sgd,100,10,
3,raw,0.3,exponential,sgd,100,10,
4,raw,0.3,exponential,sgd,100,10,
5,raw,0.3,exponential,sgd,100,10,
6,raw,0.3,exponential,sgd,100,10,
7,raw,0.3,exponential,sgd,100,10,
8,raw,0.3,exponential,sgd,100,10,
9,raw,0.3,exponential,sgd,100,10,
10,raw,0.3,exponential,sgd,100,10,
11,raw,0.3,exponential,sgd,100,10,
12,raw,0.3,exponential,sgd,100,10,
1,raw,0.3,elu,sgd,100,10,1679593963.7894738
2,raw,0.3,elu,sgd,100,10,
3,raw,0.3,elu,sgd,100,10,84.24333070453845
4,raw,0.3,elu,sgd,100,10,103.5704678987202
5,raw,0.3,elu,sgd,100,10,
6,raw,0.3,elu,sgd,100,10,
7,raw,0.3,elu,sgd,100,10,1.8446744073709552e+21
8,raw,0.3,elu,sgd,100,10,
9,raw,0.3,elu,sgd,100,10,618439125099.7894
10,raw,0.3,elu,sgd,100,10,1.2089258196146292e+24
11,raw,0.3,elu,sgd,100,10,5084138856430754.0
12,raw,0.3,elu,sgd,100,10,86986677409.6842
1,raw,0.3,linear,sgd,100,10,
2,raw,0.3,linear,sgd,100,10,
3,raw,0.3,linear,sgd,100,10,
4,raw,0.3,linear,sgd,100,10,
5,raw,0.3,linear,sgd,100,10,
6,raw,0.3,linear,sgd,100,10,
7,raw,0.3,linear,sgd,100,10,
8,raw,0.3,linear,sgd,100,10,
9,raw,0.3,linear,sgd,100,10,
10,raw,0.3,linear,sgd,100,10,
11,raw,0.3,linear,sgd,100,10,
12,raw,0.3,linear,sgd,100,10,
1,raw,0.3,relu,adam,100,10,27.646130913182308
2,raw,0.3,relu,adam,100,10,19.347402472245065
3,raw,0.3,relu,adam,100,10,33.74566550003855
4,raw,0.3,relu,adam,100,10,15.259700975920024
5,raw,0.3,relu,adam,100,10,43.59284089740954
6,raw,0.3,relu,adam,100,10,36.124491239848886
7,raw,0.3,relu,adam,100,10,38.327785090396276
8,raw,0.3,relu,adam,100,10,34.268096020347194
9,raw,0.3,relu,adam,100,10,42.880864795885586
10,raw,0.3,relu,adam,100,10,46.12409712138929
11,raw,0.3,relu,adam,100,10,35.343451048198496
12,raw,0.3,relu,adam,100,10,37.063832433600176
1,raw,0.3,tanh,adam,100,10,101.2719662314967
2,raw,0.3,tanh,adam,100,10,28.99525291041324
3,raw,0.3,tanh,adam,100,10,18.497494245830335
4,raw,0.3,tanh,adam,100,10,21.540639274998714
5,raw,0.3,tanh,adam,100,10,58.05235330682052
6,raw,0.3,tanh,adam,100,10,63.201618796900696
7,raw,0.3,tanh,adam,100,10,54.89282246639854
8,raw,0.3,tanh,adam,100,10,62.13748369718853
9,raw,0.3,tanh,adam,100,10,91.27782480340255
10,raw,0.3,tanh,adam,100,10,86.9731455351177
11,raw,0.3,tanh,adam,100,10,50.93861449392218
12,raw,0.3,tanh,adam,100,10,64.51431977121453
1,raw,0.3,sigmoid,adam,100,10,39.27223677384226
2,raw,0.3,sigmoid,adam,100,10,32.98876561616596
3,raw,0.3,sigmoid,adam,100,10,35.184343237625924
4,raw,0.3,sigmoid,adam,100,10,43.064842424894636
5,raw,0.3,sigmoid,adam,100,10,82.48788974159642
6,raw,0.3,sigmoid,adam,100,10,59.26746689645868
7,raw,0.3,sigmoid,adam,100,10,74.44885374370374
8,raw,0.3,sigmoid,adam,100,10,79.25306842201634
9,raw,0.3,sigmoid,adam,100,10,84.12605928119861
10,raw,0.3,sigmoid,adam,100,10,76.73715952823036
11,raw,0.3,sigmoid,adam,100,10,71.54675333123458
12,raw,0.3,sigmoid,adam,100,10,55.00139979312294
1,raw,0.3,exponential,adam,100,10,2509163636.248561
2,raw,0.3,exponential,adam,100,10,20711769680.842106
3,raw,0.3,exponential,adam,100,10,
4,raw,0.3,exponential,adam,100,10,
5,raw,0.3,exponential,adam,100,10,
6,raw,0.3,exponential,adam,100,10,
7,raw,0.3,exponential,adam,100,10,
8,raw,0.3,exponential,adam,100,10,
9,raw,0.3,exponential,adam,100,10,
10,raw,0.3,exponential,adam,100,10,
11,raw,0.3,exponential,adam,100,10,
12,raw,0.3,exponential,adam,100,10,
1,raw,0.3,elu,adam,100,10,20.451995548449066
2,raw,0.3,elu,adam,100,10,21.77665911222759
3,raw,0.3,elu,adam,100,10,18.34806055771677
4,raw,0.3,elu,adam,100,10,13.392505595558568
5,raw,0.3,elu,adam,100,10,26.283404701634456
6,raw,0.3,elu,adam,100,10,31.79344337864926
7,raw,0.3,elu,adam,100,10,31.094262675235147
8,raw,0.3,elu,adam,100,10,35.145999908447266
9,raw,0.3,elu,adam,100,10,20.086191679302015
10,raw,0.3,elu,adam,100,10,39.93059288827997
11,raw,0.3,elu,adam,100,10,40.798161155299134
12,raw,0.3,elu,adam,100,10,32.058434335809004
1,raw,0.3,linear,adam,100,10,32.659246143541836
2,raw,0.3,linear,adam,100,10,31.225413874575967
3,raw,0.3,linear,adam,100,10,26.08641885456286
4,raw,0.3,linear,adam,100,10,38.607520254034746
5,raw,0.3,linear,adam,100,10,39.90903091430664
6,raw,0.3,linear,adam,100,10,30.80133749309339
7,raw,0.3,linear,adam,100,10,47.16925811767578
8,raw,0.3,linear,adam,100,10,36.46534427843596
9,raw,0.3,linear,adam,100,10,40.631637372468646
10,raw,0.3,linear,adam,100,10,38.75882635618511
11,raw,0.3,linear,adam,100,10,33.002627021388
12,raw,0.3,linear,adam,100,10,26.72916572972348
1,raw,0.3,relu,nadam,100,10,51.48760178214625
2,raw,0.3,relu,nadam,100,10,26.814909332676937
3,raw,0.3,relu,nadam,100,10,27.300051237407484
4,raw,0.3,relu,nadam,100,10,32.39336495650442
5,raw,0.3,relu,nadam,100,10,32.98469864694696
6,raw,0.3,relu,nadam,100,10,28.173193078292044
7,raw,0.3,relu,nadam,100,10,26.753034692061576
8,raw,0.3,relu,nadam,100,10,47.69999112580952
9,raw,0.3,relu,nadam,100,10,38.420645462839225
10,raw,0.3,relu,nadam,100,10,19.708340042515804
11,raw,0.3,relu,nadam,100,10,29.74293156674034
12,raw,0.3,relu,nadam,100,10,23.600408052143298
1,raw,0.3,tanh,nadam,100,10,64.59008307206004
2,raw,0.3,tanh,nadam,100,10,26.56917321054559
3,raw,0.3,tanh,nadam,100,10,24.821635948984248
4,raw,0.3,tanh,nadam,100,10,24.69278315493935
5,raw,0.3,tanh,nadam,100,10,35.625365006296256
6,raw,0.3,tanh,nadam,100,10,99.18147237677323
7,raw,0.3,tanh,nadam,100,10,40.183243801719264
8,raw,0.3,tanh,nadam,100,10,80.69535747327302
9,raw,0.3,tanh,nadam,100,10,32.3946782162315
10,raw,0.3,tanh,nadam,100,10,50.816272133275085
11,raw,0.3,tanh,nadam,100,10,77.70732678865132
12,raw,0.3,tanh,nadam,100,10,47.50916189896433
1,raw,0.3,sigmoid,nadam,100,10,31.088313755236175
2,raw,0.3,sigmoid,nadam,100,10,28.08670365182977
3,raw,0.3,sigmoid,nadam,100,10,29.541559721294202
4,raw,0.3,sigmoid,nadam,100,10,29.849645213076943
5,raw,0.3,sigmoid,nadam,100,10,50.224241959421256
6,raw,0.3,sigmoid,nadam,100,10,68.79912928531044
7,raw,0.3,sigmoid,nadam,100,10,73.3894591080515
8,raw,0.3,sigmoid,nadam,100,10,32.027591504548724
9,raw,0.3,sigmoid,nadam,100,10,60.0608881900185
10,raw,0.3,sigmoid,nadam,100,10,58.83806610107422
11,raw,0.3,sigmoid,nadam,100,10,90.90235137939453
12,raw,0.3,sigmoid,nadam,100,10,43.420328642192636
1,raw,0.3,exponential,nadam,100,10,1356835.8174342106
2,raw,0.3,exponential,nadam,100,10,249181338.52631578
3,raw,0.3,exponential,nadam,100,10,
4,raw,0.3,exponential,nadam,100,10,
5,raw,0.3,exponential,nadam,100,10,
6,raw,0.3,exponential,nadam,100,10,
7,raw,0.3,exponential,nadam,100,10,
8,raw,0.3,exponential,nadam,100,10,
9,raw,0.3,exponential,nadam,100,10,
10,raw,0.3,exponential,nadam,100,10,
11,raw,0.3,exponential,nadam,100,10,
12,raw,0.3,exponential,nadam,100,10,
1,raw,0.3,elu,nadam,100,10,27.938519226877315
2,raw,0.3,elu,nadam,100,10,22.98623938309519
3,raw,0.3,elu,nadam,100,10,26.67396751203035
4,raw,0.3,elu,nadam,100,10,15.753753762496146
5,raw,0.3,elu,nadam,100,10,24.650796388324938
6,raw,0.3,elu,nadam,100,10,15.90153754384894
7,raw,0.3,elu,nadam,100,10,24.129637668007298
8,raw,0.3,elu,nadam,100,10,90.27917761551707
9,raw,0.3,elu,nadam,100,10,30.919059050710576
10,raw,0.3,elu,nadam,100,10,38.46332931518555
11,raw,0.3,elu,nadam,100,10,41.505416568956875
12,raw,0.3,elu,nadam,100,10,31.457334016498766
1,raw,0.3,linear,nadam,100,10,41.757021050704154
2,raw,0.3,linear,nadam,100,10,30.131499942980316
3,raw,0.3,linear,nadam,100,10,41.91854943727192
4,raw,0.3,linear,nadam,100,10,25.216914126747533
5,raw,0.3,linear,nadam,100,10,25.931621250353363
6,raw,0.3,linear,nadam,100,10,75.2369818436472
7,raw,0.3,linear,nadam,100,10,31.590165589985094
8,raw,0.3,linear,nadam,100,10,27.932970649317692
9,raw,0.3,linear,nadam,100,10,41.73885064376028
10,raw,0.3,linear,nadam,100,10,36.61965058979235
11,raw,0.3,linear,nadam,100,10,39.94813326785439
12,raw,0.3,linear,nadam,100,10,27.531288146972656
1,scaled,0.3,relu,sgd,100,10,24.568775126808568
2,scaled,0.3,relu,sgd,100,10,21.645722037867497
3,scaled,0.3,relu,sgd,100,10,23.36130272714715
4,scaled,0.3,relu,sgd,100,10,16.66291282051488
5,scaled,0.3,relu,sgd,100,10,17.291018636603106
6,scaled,0.3,relu,sgd,100,10,16.157135411312705
7,scaled,0.3,relu,sgd,100,10,17.86075378719129
8,scaled,0.3,relu,sgd,100,10,16.342145819413034
9,scaled,0.3,relu,sgd,100,10,16.961779745001543
10,scaled,0.3,relu,sgd,100,10,11.803492596274928
11,scaled,0.3,relu,sgd,100,10,11.236724753128854
12,scaled,0.3,relu,sgd,100,10,15.858285151029888
1,scaled,0.3,tanh,sgd,100,10,26.27322186921772
2,scaled,0.3,tanh,sgd,100,10,17.385321165386
3,scaled,0.3,tanh,sgd,100,10,29.493248588160466
4,scaled,0.3,tanh,sgd,100,10,15.678741957011976
5,scaled,0.3,tanh,sgd,100,10,17.569857998898154
6,scaled,0.3,tanh,sgd,100,10,18.178045925341156
7,scaled,0.3,tanh,sgd,100,10,12.31059099498548
8,scaled,0.3,tanh,sgd,100,10,17.940396961412933
9,scaled,0.3,tanh,sgd,100,10,16.671769493504573
10,scaled,0.3,tanh,sgd,100,10,11.607735809526945
11,scaled,0.3,tanh,sgd,100,10,14.532524359853644
12,scaled,0.3,tanh,sgd,100,10,11.624383499747829
1,scaled,0.3,sigmoid,sgd,100,10,28.27480838173314
2,scaled,0.3,sigmoid,sgd,100,10,23.36708756497032
3,scaled,0.3,sigmoid,sgd,100,10,18.808848130075557
4,scaled,0.3,sigmoid,sgd,100,10,18.10941881882517
5,scaled,0.3,sigmoid,sgd,100,10,11.120277605558696
6,scaled,0.3,sigmoid,sgd,100,10,18.49571960850766
7,scaled,0.3,sigmoid,sgd,100,10,18.303047380949323
8,scaled,0.3,sigmoid,sgd,100,10,10.499108816448011
9,scaled,0.3,sigmoid,sgd,100,10,15.088514553873162
10,scaled,0.3,sigmoid,sgd,100,10,10.787884009511847
11,scaled,0.3,sigmoid,sgd,100,10,13.203954194721423
12,scaled,0.3,sigmoid,sgd,100,10,15.131241547433953
1,scaled,0.3,exponential,sgd,100,10,
2,scaled,0.3,exponential,sgd,100,10,
3,scaled,0.3,exponential,sgd,100,10,
4,scaled,0.3,exponential,sgd,100,10,
5,scaled,0.3,exponential,sgd,100,10,
6,scaled,0.3,exponential,sgd,100,10,
7,scaled,0.3,exponential,sgd,100,10,
8,scaled,0.3,exponential,sgd,100,10,
9,scaled,0.3,exponential,sgd,100,10,
10,scaled,0.3,exponential,sgd,100,10,
11,scaled,0.3,exponential,sgd,100,10,
12,scaled,0.3,exponential,sgd,100,10,
1,scaled,0.3,elu,sgd,100,10,25.273397646452253
2,scaled,0.3,elu,sgd,100,10,12.682062851755243
3,scaled,0.3,elu,sgd,100,10,23.18214474226299
4,scaled,0.3,elu,sgd,100,10,18.688652189154375
5,scaled,0.3,elu,sgd,100,10,15.540138345015677
6,scaled,0.3,elu,sgd,100,10,15.652479021172775
7,scaled,0.3,elu,sgd,100,10,14.501809170371608
8,scaled,0.3,elu,sgd,100,10,19.644427349692897
9,scaled,0.3,elu,sgd,100,10,14.496135410509611
10,scaled,0.3,elu,sgd,100,10,15.01699447631836
11,scaled,0.3,elu,sgd,100,10,18.49632423802426
12,scaled,0.3,elu,sgd,100,10,15.617727380049857
1,scaled,0.3,linear,sgd,100,10,47.090360139545645
2,scaled,0.3,linear,sgd,100,10,45.601343857614616
3,scaled,0.3,linear,sgd,100,10,47.50883825201737
4,scaled,0.3,linear,sgd,100,10,28.297787114193564
5,scaled,0.3,linear,sgd,100,10,47.83484910663805
6,scaled,0.3,linear,sgd,100,10,34.18991209331312
7,scaled,0.3,linear,sgd,100,10,32.26600807591488
8,scaled,0.3,linear,sgd,100,10,38.22252243443539
9,scaled,0.3,linear,sgd,100,10,27.18510497243781
10,scaled,0.3,linear,sgd,100,10,34.3128931145919
11,scaled,0.3,linear,sgd,100,10,27.76133748104698
12,scaled,0.3,linear,sgd,100,10,17.64483632539448
1,scaled,0.3,relu,adam,100,10,30.909962503533613
2,scaled,0.3,relu,adam,100,10,19.599223638835706
3,scaled,0.3,relu,adam,100,10,19.279377385189658
4,scaled,0.3,relu,adam,100,10,23.57524952135588
5,scaled,0.3,relu,adam,100,10,13.637391918583921
6,scaled,0.3,relu,adam,100,10,11.782556784780402
7,scaled,0.3,relu,adam,100,10,15.6886937994706
8,scaled,0.3,relu,adam,100,10,8.421454002982692
9,scaled,0.3,relu,adam,100,10,11.805891789888081
10,scaled,0.3,relu,adam,100,10,18.315160600762617
11,scaled,0.3,relu,adam,100,10,21.1050164574071
12,scaled,0.3,relu,adam,100,10,10.189598911686948
1,scaled,0.3,tanh,adam,100,10,30.020232451589482
2,scaled,0.3,tanh,adam,100,10,19.688293657804792
3,scaled,0.3,tanh,adam,100,10,14.825375004818564
4,scaled,0.3,tanh,adam,100,10,27.99866485595703
5,scaled,0.3,tanh,adam,100,10,19.62490603798314
6,scaled,0.3,tanh,adam,100,10,26.470639881334808
7,scaled,0.3,tanh,adam,100,10,22.532283180638363
8,scaled,0.3,tanh,adam,100,10,14.294472142269736
9,scaled,0.3,tanh,adam,100,10,22.166697351556074
10,scaled,0.3,tanh,adam,100,10,18.75525524741725
11,scaled,0.3,tanh,adam,100,10,14.886174452932257
12,scaled,0.3,tanh,adam,100,10,13.063697814941406
1,scaled,0.3,sigmoid,adam,100,10,31.239208121048776
2,scaled,0.3,sigmoid,adam,100,10,28.354172556023848
3,scaled,0.3,sigmoid,adam,100,10,22.060218007940996
4,scaled,0.3,sigmoid,adam,100,10,11.447498472113358
5,scaled,0.3,sigmoid,adam,100,10,16.94469125647294
6,scaled,0.3,sigmoid,adam,100,10,16.941900905809906
7,scaled,0.3,sigmoid,adam,100,10,16.003762295371608
8,scaled,0.3,sigmoid,adam,100,10,21.255435742829974
9,scaled,0.3,sigmoid,adam,100,10,17.32633450156764
10,scaled,0.3,sigmoid,adam,100,10,21.83245980112176
11,scaled,0.3,sigmoid,adam,100,10,17.468585265310185
12,scaled,0.3,sigmoid,adam,100,10,21.002904741387617
1,scaled,0.3,exponential,adam,100,10,26.006717581497995
2,scaled,0.3,exponential,adam,100,10,21.580698314465973
3,scaled,0.3,exponential,adam,100,10,15.91671431692023
4,scaled,0.3,exponential,adam,100,10,23.53128739407188
5,scaled,0.3,exponential,adam,100,10,12.504457122401186
6,scaled,0.3,exponential,adam,100,10,140.56121866326583
7,scaled,0.3,exponential,adam,100,10,20.682300668013724
8,scaled,0.3,exponential,adam,100,10,15.375538123281379
9,scaled,0.3,exponential,adam,100,10,19.15038570604826
10,scaled,0.3,exponential,adam,100,10,22.694670426218135
11,scaled,0.3,exponential,adam,100,10,12.404392970235724
12,scaled,0.3,exponential,adam,100,10,14.800667311015882
1,scaled,0.3,elu,adam,100,10,35.33536880894711
2,scaled,0.3,elu,adam,100,10,18.153684013768245
3,scaled,0.3,elu,adam,100,10,19.56604169544421
4,scaled,0.3,elu,adam,100,10,22.13156785463032
5,scaled,0.3,elu,adam,100,10,20.416017933895713
6,scaled,0.3,elu,adam,100,10,14.229501322696084
7,scaled,0.3,elu,adam,100,10,14.716568846451608
8,scaled,0.3,elu,adam,100,10,11.552705413416811
9,scaled,0.3,elu,adam,100,10,9.3344995599044
10,scaled,0.3,elu,adam,100,10,13.279953605250308
11,scaled,0.3,elu,adam,100,10,16.245044607865182
12,scaled,0.3,elu,adam,100,10,10.916109687403628
1,scaled,0.3,linear,adam,100,10,47.19145624261154
2,scaled,0.3,linear,adam,100,10,34.26115116320158
3,scaled,0.3,linear,adam,100,10,24.72264972485994
4,scaled,0.3,linear,adam,100,10,23.317234641627262
5,scaled,0.3,linear,adam,100,10,42.318520194605775
6,scaled,0.3,linear,adam,100,10,23.999079654091283
7,scaled,0.3,linear,adam,100,10,15.25655746459961
8,scaled,0.3,linear,adam,100,10,27.367342396786338
9,scaled,0.3,linear,adam,100,10,28.292035153037624
10,scaled,0.3,linear,adam,100,10,31.88130383742483
11,scaled,0.3,linear,adam,100,10,20.681448183561628
12,scaled,0.3,linear,adam,100,10,25.159031918174342
1,scaled,0.3,relu,nadam,100,10,28.208588148418226
2,scaled,0.3,relu,nadam,100,10,19.95424943221243
3,scaled,0.3,relu,nadam,100,10,21.792534401542262
4,scaled,0.3,relu,nadam,100,10,17.3693625801488
5,scaled,0.3,relu,nadam,100,10,20.16789893100136
6,scaled,0.3,relu,nadam,100,10,11.930819461220189
7,scaled,0.3,relu,nadam,100,10,16.875377303675602
8,scaled,0.3,relu,nadam,100,10,14.856557695489181
9,scaled,0.3,relu,nadam,100,10,12.258467071934751
10,scaled,0.3,relu,nadam,100,10,19.342302824321546
11,scaled,0.3,relu,nadam,100,10,13.10130520870811
12,scaled,0.3,relu,nadam,100,10,12.336652153416685
1,scaled,0.3,tanh,nadam,100,10,22.444398578844574
2,scaled,0.3,tanh,nadam,100,10,18.13202320901971
3,scaled,0.3,tanh,nadam,100,10,19.143499826130114
4,scaled,0.3,tanh,nadam,100,10,16.309828833529824
5,scaled,0.3,tanh,nadam,100,10,18.815105438232422
6,scaled,0.3,tanh,nadam,100,10,12.097696354514675
7,scaled,0.3,tanh,nadam,100,10,10.450569704959268
8,scaled,0.3,tanh,nadam,100,10,11.156541021246658
9,scaled,0.3,tanh,nadam,100,10,20.959090684589587
10,scaled,0.3,tanh,nadam,100,10,16.519006528352435
11,scaled,0.3,tanh,nadam,100,10,22.033335735923366
12,scaled,0.3,tanh,nadam,100,10,13.836933637920179
1,scaled,0.3,sigmoid,nadam,100,10,37.313440925196595
2,scaled,0.3,sigmoid,nadam,100,10,24.645318683825042
3,scaled,0.3,sigmoid,nadam,100,10,20.381319698534515
4,scaled,0.3,sigmoid,nadam,100,10,14.923750626413446
5,scaled,0.3,sigmoid,nadam,100,10,18.22677220796284
6,scaled,0.3,sigmoid,nadam,100,10,11.31153510746203
7,scaled,0.3,sigmoid,nadam,100,10,24.335629914936266
8,scaled,0.3,sigmoid,nadam,100,10,21.82475067439832
9,scaled,0.3,sigmoid,nadam,100,10,17.154631162944593
10,scaled,0.3,sigmoid,nadam,100,10,18.00405602706106
11,scaled,0.3,sigmoid,nadam,100,10,12.77465238069233
12,scaled,0.3,sigmoid,nadam,100,10,16.921529468737152
1,scaled,0.3,exponential,nadam,100,10,28.524546974583675
2,scaled,0.3,exponential,nadam,100,10,15.177167792069284
3,scaled,0.3,exponential,nadam,100,10,18.75604840328819
4,scaled,0.3,exponential,nadam,100,10,15.082889757658306
5,scaled,0.3,exponential,nadam,100,10,20.000347664481716
6,scaled,0.3,exponential,nadam,100,10,10.263561499746222
7,scaled,0.3,exponential,nadam,100,10,11.519897285260653
8,scaled,0.3,exponential,nadam,100,10,13.30099492324026
9,scaled,0.3,exponential,nadam,100,10,12.352329906664396
10,scaled,0.3,exponential,nadam,100,10,19.883336569133558
11,scaled,0.3,exponential,nadam,100,10,17.54380818417198
12,scaled,0.3,exponential,nadam,100,10,12.494989997462222
1,scaled,0.3,elu,nadam,100,10,40.19417471634714
2,scaled,0.3,elu,nadam,100,10,27.149972413715563
3,scaled,0.3,elu,nadam,100,10,19.191516073126543
4,scaled,0.3,elu,nadam,100,10,17.502555646394427
5,scaled,0.3,elu,nadam,100,10,18.957766884251644
6,scaled,0.3,elu,nadam,100,10,12.19453497936851
7,scaled,0.3,elu,nadam,100,10,13.580817699432373
8,scaled,0.3,elu,nadam,100,10,13.120233535766602
9,scaled,0.3,elu,nadam,100,10,11.717613621761924
10,scaled,0.3,elu,nadam,100,10,12.507438308314272
11,scaled,0.3,elu,nadam,100,10,10.046598183481317
12,scaled,0.3,elu,nadam,100,10,11.191611139397873
1,scaled,0.3,linear,nadam,100,10,31.82599007455926
2,scaled,0.3,linear,nadam,100,10,36.247109061793275
3,scaled,0.3,linear,nadam,100,10,20.324710946334037
4,scaled,0.3,linear,nadam,100,10,39.20654116178814
5,scaled,0.3,linear,nadam,100,10,22.613387358816045
6,scaled,0.3,linear,nadam,100,10,25.23825374402498
7,scaled,0.3,linear,nadam,100,10,32.66330056441458
8,scaled,0.3,linear,nadam,100,10,27.870076581051475
9,scaled,0.3,linear,nadam,100,10,23.084102329454925
10,scaled,0.3,linear,nadam,100,10,17.45864250785426
11,scaled,0.3,linear,nadam,100,10,31.732573459022923
12,scaled,0.3,linear,nadam,100,10,15.805895755165501
1,whitened,0.3,relu,sgd,100,10,28.373004210622685
2,whitened,0.3,relu,sgd,100,10,45.57378748843544
3,whitened,0.3,relu,sgd,100,10,30.689829976935137
4,whitened,0.3,relu,sgd,100,10,19.528783396670693
5,whitened,0.3,relu,sgd,100,10,13.41547233179996
6,whitened,0.3,relu,sgd,100,10,15.58816819441946
7,whitened,0.3,relu,sgd,100,10,16.374581788715563
8,whitened,0.3,relu,sgd,100,10,15.243251700150338
9,whitened,0.3,relu,sgd,100,10,11.965365158884149
10,whitened,0.3,relu,sgd,100,10,16.358091253983346
11,whitened,0.3,relu,sgd,100,10,18.777933572468005
12,whitened,0.3,relu,sgd,100,10,12.744897340473376
1,whitened,0.3,tanh,sgd,100,10,21.204526198537724
2,whitened,0.3,tanh,sgd,100,10,26.481021630136592
3,whitened,0.3,tanh,sgd,100,10,19.06905204371402
4,whitened,0.3,tanh,sgd,100,10,22.30533961245888
5,whitened,0.3,tanh,sgd,100,10,26.161194073526485
6,whitened,0.3,tanh,sgd,100,10,15.909806703266344
7,whitened,0.3,tanh,sgd,100,10,16.710621984381426
8,whitened,0.3,tanh,sgd,100,10,11.082284224660773
9,whitened,0.3,tanh,sgd,100,10,19.082208884389775
10,whitened,0.3,tanh,sgd,100,10,15.09002369328549
11,whitened,0.3,tanh,sgd,100,10,21.7490493372867
12,whitened,0.3,tanh,sgd,100,10,13.35265044162148
1,whitened,0.3,sigmoid,sgd,100,10,32.12145413850483
2,whitened,0.3,sigmoid,sgd,100,10,16.97998433364065
3,whitened,0.3,sigmoid,sgd,100,10,22.99879651320608
4,whitened,0.3,sigmoid,sgd,100,10,14.089295688428377
5,whitened,0.3,sigmoid,sgd,100,10,16.09255354027999
6,whitened,0.3,sigmoid,sgd,100,10,12.584017653214303
7,whitened,0.3,sigmoid,sgd,100,10,12.512963947496916
8,whitened,0.3,sigmoid,sgd,100,10,10.040117866114565
9,whitened,0.3,sigmoid,sgd,100,10,9.724980253922311
10,whitened,0.3,sigmoid,sgd,100,10,18.032121758711966
11,whitened,0.3,sigmoid,sgd,100,10,9.289364764564915
12,whitened,0.3,sigmoid,sgd,100,10,8.70431305232801
1,whitened,0.3,exponential,sgd,100,10,
2,whitened,0.3,exponential,sgd,100,10,
3,whitened,0.3,exponential,sgd,100,10,
4,whitened,0.3,exponential,sgd,100,10,
5,whitened,0.3,exponential,sgd,100,10,
6,whitened,0.3,exponential,sgd,100,10,
7,whitened,0.3,exponential,sgd,100,10,
8,whitened,0.3,exponential,sgd,100,10,
9,whitened,0.3,exponential,sgd,100,10,
10,whitened,0.3,exponential,sgd,100,10,
11,whitened,0.3,exponential,sgd,100,10,
12,whitened,0.3,exponential,sgd,100,10,
1,whitened,0.3,elu,sgd,100,10,31.305966628225224
2,whitened,0.3,elu,sgd,100,10,26.479290535575466
3,whitened,0.3,elu,sgd,100,10,13.726483796772204
4,whitened,0.3,elu,sgd,100,10,15.495150315134149
5,whitened,0.3,elu,sgd,100,10,15.928501380117316
6,whitened,0.3,elu,sgd,100,10,23.057565889860456
7,whitened,0.3,elu,sgd,100,10,14.520150535985044
8,whitened,0.3,elu,sgd,100,10,14.397627177991366
9,whitened,0.3,elu,sgd,100,10,42.459799114026524
10,whitened,0.3,elu,sgd,100,10,17.91435301931281
11,whitened,0.3,elu,sgd,100,10,16.920581265499717
12,whitened,0.3,elu,sgd,100,10,10.72094104164525
1,whitened,0.3,linear,sgd,100,10,41.36207540411698
2,whitened,0.3,linear,sgd,100,10,38.284116544221575
3,whitened,0.3,linear,sgd,100,10,24.856042360004626
4,whitened,0.3,linear,sgd,100,10,26.702646255493164
5,whitened,0.3,linear,sgd,100,10,22.06958976544832
6,whitened,0.3,linear,sgd,100,10,38.31666785792301
7,whitened,0.3,linear,sgd,100,10,22.514476173802425
8,whitened,0.3,linear,sgd,100,10,39.1740278946726
9,whitened,0.3,linear,sgd,100,10,26.863937377929688
10,whitened,0.3,linear,sgd,100,10,36.07733324954384
11,whitened,0.3,linear,sgd,100,10,22.90345703928094
12,whitened,0.3,linear,sgd,100,10,33.09618869580721
1,whitened,0.3,relu,adam,100,10,37.12089729309082
2,whitened,0.3,relu,adam,100,10,19.319411779704847
3,whitened,0.3,relu,adam,100,10,19.07928762937847
4,whitened,0.3,relu,adam,100,10,16.927303113435443
5,whitened,0.3,relu,adam,100,10,27.181594296505576
6,whitened,0.3,relu,adam,100,10,19.47780900252493
7,whitened,0.3,relu,adam,100,10,16.998343166552093
8,whitened,0.3,relu,adam,100,10,15.368733155099969
9,whitened,0.3,relu,adam,100,10,12.34536431965075
10,whitened,0.3,relu,adam,100,10,17.722422850759404
11,whitened,0.3,relu,adam,100,10,21.108770270096628
12,whitened,0.3,relu,adam,100,10,12.378512181733784
1,whitened,0.3,tanh,adam,100,10,35.23984306736996
2,whitened,0.3,tanh,adam,100,10,22.20123250860917
3,whitened,0.3,tanh,adam,100,10,21.862863791616338
4,whitened,0.3,tanh,adam,100,10,24.84521328775506
5,whitened,0.3,tanh,adam,100,10,28.442791185880964
6,whitened,0.3,tanh,adam,100,10,20.755778714230185
7,whitened,0.3,tanh,adam,100,10,14.951391947896857
8,whitened,0.3,tanh,adam,100,10,20.815994965402705
9,whitened,0.3,tanh,adam,100,10,16.941701487491006
10,whitened,0.3,tanh,adam,100,10,17.506529004950274
11,whitened,0.3,tanh,adam,100,10,25.376943287096527
12,whitened,0.3,tanh,adam,100,10,17.587347381993343
1,whitened,0.3,sigmoid,adam,100,10,37.28563931113795
2,whitened,0.3,sigmoid,adam,100,10,22.985985304179945
3,whitened,0.3,sigmoid,adam,100,10,16.748209150213945
4,whitened,0.3,sigmoid,adam,100,10,20.096704784192536
5,whitened,0.3,sigmoid,adam,100,10,18.55717488339073
6,whitened,0.3,sigmoid,adam,100,10,25.051104269529645
7,whitened,0.3,sigmoid,adam,100,10,20.56058572468005
8,whitened,0.3,sigmoid,adam,100,10,23.585620578966644
9,whitened,0.3,sigmoid,adam,100,10,22.365382947419818
10,whitened,0.3,sigmoid,adam,100,10,18.049302352102178
11,whitened,0.3,sigmoid,adam,100,10,14.902995511105185
12,whitened,0.3,sigmoid,adam,100,10,19.485703769483063
1,whitened,0.3,exponential,adam,100,10,33.3286640769557
2,whitened,0.3,exponential,adam,100,10,12.69292916749653
3,whitened,0.3,exponential,adam,100,10,16.215891386333265
4,whitened,0.3,exponential,adam,100,10,10.44352912902832
5,whitened,0.3,exponential,adam,100,10,14.664184294248882
6,whitened,0.3,exponential,adam,100,10,18.03986102656314
7,whitened,0.3,exponential,adam,100,10,20.22456911990517
8,whitened,0.3,exponential,adam,100,10,18.50137778332359
9,whitened,0.3,exponential,adam,100,10,14.579535986247816
10,whitened,0.3,exponential,adam,100,10,8.561157653206273
11,whitened,0.3,exponential,adam,100,10,16.647596007899235
12,whitened,0.3,exponential,adam,100,10,13.942097212138929
1,whitened,0.3,elu,adam,100,10,38.15659773977179
2,whitened,0.3,elu,adam,100,10,17.759647118417842
3,whitened,0.3,elu,adam,100,10,20.635752326563786
4,whitened,0.3,elu,adam,100,10,18.516663701910723
5,whitened,0.3,elu,adam,100,10,25.797639043707598
6,whitened,0.3,elu,adam,100,10,17.744472302888568
7,whitened,0.3,elu,adam,100,10,12.592202889291864
8,whitened,0.3,elu,adam,100,10,14.300230829339279
9,whitened,0.3,elu,adam,100,10,21.923689992804277
10,whitened,0.3,elu,adam,100,10,11.301440138565866
11,whitened,0.3,elu,adam,100,10,18.535351703041478
12,whitened,0.3,elu,adam,100,10,11.279240407441792
1,whitened,0.3,linear,adam,100,10,37.672530124061986
2,whitened,0.3,linear,adam,100,10,31.202877747385127
3,whitened,0.3,linear,adam,100,10,23.72846804167095
4,whitened,0.3,linear,adam,100,10,20.870462216828997
5,whitened,0.3,linear,adam,100,10,19.212662245097913
6,whitened,0.3,linear,adam,100,10,37.10461516129343
7,whitened,0.3,linear,adam,100,10,15.036635499251517
8,whitened,0.3,linear,adam,100,10,34.36671337328459
9,whitened,0.3,linear,adam,100,10,28.541092320492393
10,whitened,0.3,linear,adam,100,10,23.471415670294512
11,whitened,0.3,linear,adam,100,10,29.02177579779374
12,whitened,0.3,linear,adam,100,10,25.7747197402151
1,whitened,0.3,relu,nadam,100,10,30.997724834241364
2,whitened,0.3,relu,nadam,100,10,20.19851609280235
3,whitened,0.3,relu,nadam,100,10,24.87546033608286
4,whitened,0.3,relu,nadam,100,10,17.599787009389775
5,whitened,0.3,relu,nadam,100,10,11.220984709890265
6,whitened,0.3,relu,nadam,100,10,14.767568261999832
7,whitened,0.3,relu,nadam,100,10,10.612722371753893
8,whitened,0.3,relu,nadam,100,10,9.97029733657837
9,whitened,0.3,relu,nadam,100,10,19.46266104045667
10,whitened,0.3,relu,nadam,100,10,10.380165225581118
11,whitened,0.3,relu,nadam,100,10,10.013832142478542
12,whitened,0.3,relu,nadam,100,10,12.786631935521177
1,whitened,0.3,tanh,nadam,100,10,35.316445200066816
2,whitened,0.3,tanh,nadam,100,10,28.10336823212473
3,whitened,0.3,tanh,nadam,100,10,24.229624095715973
4,whitened,0.3,tanh,nadam,100,10,17.63874033877724
5,whitened,0.3,tanh,nadam,100,10,13.816437771445827
6,whitened,0.3,tanh,nadam,100,10,17.590363552695827
7,whitened,0.3,tanh,nadam,100,10,10.601532785516037
8,whitened,0.3,tanh,nadam,100,10,13.136666900233218
9,whitened,0.3,tanh,nadam,100,10,11.962572750292326
10,whitened,0.3,tanh,nadam,100,10,11.180763846949526
11,whitened,0.3,tanh,nadam,100,10,16.338482053656328
12,whitened,0.3,tanh,nadam,100,10,14.441256598422402
1,whitened,0.3,sigmoid,nadam,100,10,27.614593305085833
2,whitened,0.3,sigmoid,nadam,100,10,17.355978514018812
3,whitened,0.3,sigmoid,nadam,100,10,19.151615443982575
4,whitened,0.3,sigmoid,nadam,100,10,16.48410315262644
5,whitened,0.3,sigmoid,nadam,100,10,15.187813307109632
6,whitened,0.3,sigmoid,nadam,100,10,16.77723051372327
7,whitened,0.3,sigmoid,nadam,100,10,15.816613649067126
8,whitened,0.3,sigmoid,nadam,100,10,12.989794028432746
9,whitened,0.3,sigmoid,nadam,100,10,11.370835705807334
10,whitened,0.3,sigmoid,nadam,100,10,14.783525165758634
11,whitened,0.3,sigmoid,nadam,100,10,11.311237285011693
12,whitened,0.3,sigmoid,nadam,100,10,17.42099510995965
1,whitened,0.3,exponential,nadam,100,10,30.860841951872175
2,whitened,0.3,exponential,nadam,100,10,19.226465877733734
3,whitened,0.3,exponential,nadam,100,10,27.449588273700915
4,whitened,0.3,exponential,nadam,100,10,16.396262971978437
5,whitened,0.3,exponential,nadam,100,10,15.926537764699836
6,whitened,0.3,exponential,nadam,100,10,12.486275472139058
7,whitened,0.3,exponential,nadam,100,10,14.110499683179354
8,whitened,0.3,exponential,nadam,100,10,13.868305582749215
9,whitened,0.3,exponential,nadam,100,10,24.03718406275699
10,whitened,0.3,exponential,nadam,100,10,12.252616530970522
11,whitened,0.3,exponential,nadam,100,10,916.1359485826994
12,whitened,0.3,exponential,nadam,100,10,61.90909255178351
1,whitened,0.3,elu,nadam,100,10,34.16217281943873
2,whitened,0.3,elu,nadam,100,10,22.51548365542763
3,whitened,0.3,elu,nadam,100,10,15.388428085728696
4,whitened,0.3,elu,nadam,100,10,14.71453460894133
5,whitened,0.3,elu,nadam,100,10,9.216625339106509
6,whitened,0.3,elu,nadam,100,10,16.84158149518465
7,whitened,0.3,elu,nadam,100,10,13.393260303296541
8,whitened,0.3,elu,nadam,100,10,13.151774105272795
9,whitened,0.3,elu,nadam,100,10,19.308471478913958
10,whitened,0.3,elu,nadam,100,10,6.746766090393066
11,whitened,0.3,elu,nadam,100,10,12.82916013818038
12,whitened,0.3,elu,nadam,100,10,10.66271330180921
1,whitened,0.3,linear,nadam,100,10,35.900935524388366
2,whitened,0.3,linear,nadam,100,10,25.888736323306436
3,whitened,0.3,linear,nadam,100,10,21.579069338346784
4,whitened,0.3,linear,nadam,100,10,30.669563494230573
5,whitened,0.3,linear,nadam,100,10,24.872256128411543
6,whitened,0.3,linear,nadam,100,10,32.16848037117406
7,whitened,0.3,linear,nadam,100,10,28.503313867669355
8,whitened,0.3,linear,nadam,100,10,24.526208676789935
9,whitened,0.3,linear,nadam,100,10,26.727915211727744
10,whitened,0.3,linear,nadam,100,10,23.08657405250951
11,whitened,0.3,linear,nadam,100,10,27.110997350592363
12,whitened,0.3,linear,nadam,100,10,18.754348855269583
